Domain Code,Domain,Area Code (FAO),Code,Area,Element Code,Element,Item Code,Year,Unit,Wheat and products,Rice and products,Barley and poducts,Apples and products,"Aquatic Animals, Others",Aquatic Plants,Bananas,Beer,"Beverages, Alcoholic","Beverages, Fermented",Bovine Meat,"Butter, Ghee",Cephalopods,"Cereals, Other","Citrus, Other",Cloves,Cocoa Beans and products,Coconuts - Incl Copra,Coffee and products,Cream,Crustaceans,Dates,Demersal Fish,Eggs,"Fats, Animals, Raw","Fish, Body Oil","Fish, Liver Oil",Freshwater Fish,"Fruits, Other",Grapefruit and products,Grapes and products (excl wine),Groundnut Oil,Groundnuts,Honey,"Lemons, Limes and products",Maize Germ Oil,"Marine Fish, Other","Meat, Other",Milk - Excluding Butter,"Molluscs, Other",Mutton & Goat Meat,Nuts and products,Oats,"Offals, Edible","Oilcrops Oil, Other",Olive Oil,Olives (including preserved),Onions,"Oranges, Mandarines",Pelagic Fish,Pepper,Pigmeat,Pimento,Plantains,Potatoes and products,Poultry Meat,"Pulses, Other and products",Rape and Mustardseed,Soyabean Oil,Soyabeans,"Spices, Other",Sugar (Raw Equivalent),Sunflowerseed Oil,"Sweeteners, Other",Tea (including mate),Tomatoes and products,"Vegetables, Other",Wine
FBS,Food Balances (2014-),11,AUT,Austria,645,Food supply quantity (kg/capita/yr),2511,2014,kg,87.32,5.26,0.53,33.95,0.02,0,11.16,104.13,4.53,0,13.93,5.4,0.22,1.8,0.11,0.01,0,0.16,7.86,7.71,1.33,0.1,3.03,13.23,2.9,0,0,4.31,25.9,0.24,4.47,0.05,0.97,1.24,3.03,0,0.78,1.32,176.52,0.51,1.13,4.89,1.87,1.65,1.74,1.01,0.71,17.67,9.3,3.83,0.08,47.32,0.26,0,58.34,19.03,0.41,0,0.87,2.13,0.49,39.87,2.48,3.8,0.32,13.85,70.4,31.43
FBS,Food Balances (2014-),11,AUT,Austria,645,Food supply quantity (kg/capita/yr),2511,2015,kg,84.99,5.32,0.51,30.21,0.01,0,11.53,102.2,3.38,0.02,14.1,5.14,0.22,1.13,0.07,0.01,0,0.17,7.77,7.7,1.42,0.14,2.89,13.34,2.95,0,0,4.24,28.22,0.24,4.52,0.05,1.06,1.12,3.41,0,0.8,1.18,175.86,0.52,1.13,4.35,1.91,2.05,1.51,1.01,0.71,13.29,9.52,3.93,0.08,52.9,0.26,0,55.42,18.86,0.45,0,1.17,2.13,0.53,41.98,2.48,3.8,0.32,13.56,62.48,31.07
FBS,Food Balances (2014-),11,AUT,Austria,645,Food supply quantity (kg/capita/yr),2511,2016,kg,84.89,5.43,0.4,20.59,0.02,0,11.8,102.19,2.47,0,15.93,5.27,0.2,1.56,0.07,0.01,0,0.2,7.77,7.57,1.59,0.17,2.81,13.93,3.53,0,0,4.13,24.51,0.21,5.13,0.03,1.12,1.09,3.34,0,1,1.19,185.43,0.59,1.13,3.59,2.04,5.3,1.46,1.01,0.73,13.02,11.27,3.73,0.08,49.31,0.26,0.01,56.99,18.2,0.48,0,0.99,2.13,0.54,43.56,2.49,3.81,0.32,13.52,67.93,25.69
FBS,Food Balances (2014-),11,AUT,Austria,645,Food supply quantity (kg/capita/yr),2511,2017,kg,85.63,5.4,0.31,20.81,0.02,0,11.91,104.21,2.32,0,15.45,5.58,0.25,1.87,0.08,0.01,0,0.19,7.33,8.17,1.71,0.24,2.79,14.61,3.08,0,0,4.14,27.52,0.24,4.39,0.04,1.16,1.25,3.58,0,0.71,1.18,179.33,0.52,1.12,4.39,2.03,1.89,1.81,1.02,0.72,11.62,10.25,3.98,0.1,48.99,0.26,0.02,55.97,18.2,0.56,0,1.17,2.14,0.55,42.36,2.5,3.84,0.33,13.16,69.12,31.7
FBS,Food Balances (2014-),11,AUT,Austria,645,Food supply quantity (kg/capita/yr),2511,2018,kg,84.56,5.51,0.31,33.13,0.02,0,12.05,105.77,2.47,0,16.65,5.62,0.25,0.98,0.08,0.01,0,0.17,7.23,8.27,1.69,0.26,2.76,15.26,3.31,0,0,4.1,31.06,0.44,8.17,0.05,1.5,1.03,4.62,0.01,0.7,1.34,187.62,0.51,1.14,4.78,2.32,2.6,0.84,1.02,0.72,8.68,10.03,3.94,0.2,48.95,0.26,0.01,56.86,18.51,0.72,0,1.18,2.14,0.55,41.65,2.5,3.64,0.33,13.62,65.4,26.29
FBS,Food Balances (2014-),255,BEL,Belgium,645,Food supply quantity (kg/capita/yr),2511,2014,kg,114.62,10.5,2.33,9.07,0.05,0,3.24,76.31,1.31,0.57,12.55,4.74,0.17,0.04,0.9,0,0,0.55,5.84,10.47,2.52,0.28,7.23,8.07,8.09,0,0.08,7.18,15.48,1.75,6.57,0,0.21,0.62,2.11,2.06,0.44,1.32,97.61,3.73,1.34,3.17,0.16,2.72,1.9,1.24,0.65,0.77,105.56,4.93,0.13,31.12,0.13,1.6,98.19,12.44,0.18,1,4.3,0.19,0.56,47.74,1.74,4.94,0.27,18.1,93.53,25.16
FBS,Food Balances (2014-),255,BEL,Belgium,645,Food supply quantity (kg/capita/yr),2511,2015,kg,120.09,10.26,2.37,9.1,0.03,0,8.02,64.42,0.58,3,12.26,5.08,0.13,0.04,0.83,0,0,0.55,5.36,10.04,1.89,0.26,7.33,8.16,7,0,0,6.85,16.83,1.84,6.36,0,0.22,0.62,2.41,2.18,0.51,1.7,102.35,3.52,1.31,3.06,0.18,2.33,1.86,1.24,0.64,0.95,66.22,4.49,0.13,28.42,0.13,1.54,91.57,11.42,0.18,0,3.63,0.18,0.55,47.7,1.65,13.18,0.27,18.8,83.68,19.06
FBS,Food Balances (2014-),255,BEL,Belgium,645,Food supply quantity (kg/capita/yr),2511,2016,kg,108.74,11.11,2.13,9.87,0.03,0,13.36,80.44,0.78,1.5,11.76,3.97,0.24,0.08,0.84,0,0,0.58,4.91,8.05,1.42,0.34,7.51,7.4,6.33,0,0,6.81,15.78,1.7,7.25,0,0.24,0.63,2.62,2.03,0.25,1.43,107.29,3.31,1.12,2.78,0.16,2.18,1.87,1.24,0.64,0.91,66.13,4.21,0.13,41.27,0.13,0,88,12.49,0.18,0,4.89,0.2,0.57,47.44,1.62,10.72,0.27,18.2,96.27,19.14
FBS,Food Balances (2014-),255,BEL,Belgium,645,Food supply quantity (kg/capita/yr),2511,2017,kg,107.96,10.02,1.45,11.86,0.02,0,10.65,80.62,1.31,0.59,11.59,5.93,0.29,0.05,0.76,0,0,0.56,4.73,12.98,1.13,0.33,7.66,8.74,5.09,0,0,6.83,15.94,1.49,6.22,0,0.26,0.57,2.63,2.39,0.36,1.79,105.45,2.52,1.06,2.66,0.16,4.6,1.88,1.24,0.64,0.8,35.17,4.22,0.13,28.58,0.13,1.5,88.9,11.19,0.18,0,4.99,0.2,0.57,47.6,1.63,10.9,0.27,18.31,94.03,26.39
FBS,Food Balances (2014-),255,BEL,Belgium,645,Food supply quantity (kg/capita/yr),2511,2018,kg,110.51,11.37,1.32,8.65,0.02,0,14.85,80.93,1.46,0.59,11.86,5.25,0.29,0.1,0.72,0,0,0.55,4.78,15.15,1.13,0.35,7.62,7.22,5.21,0,0,6.8,21.86,1.23,6.24,0,0.26,0.45,2.53,1.76,0.35,1.85,103.35,2.51,1.14,2.66,0.16,5.99,1.79,1.25,0.64,0.84,62.74,4.19,0.13,28.35,0.13,1.22,85.87,11.51,0.18,0,4.24,0.2,0.87,47.51,1.8,14.61,0.27,16.26,92.58,28.2
FBS,Food Balances (2014-),27,BGR,Bulgaria,645,Food supply quantity (kg/capita/yr),2511,2014,kg,117.39,4.34,0.91,6.71,0.01,0,4.11,74.82,8.36,0.02,3.95,0.85,0.12,0.04,0.14,0,0,0.09,3.55,0.13,0.46,0.14,0.86,7.76,1.84,0,0,2.11,15.82,1.62,3.11,0.09,0.29,0,1.45,0.9,0.15,0.98,133.13,0.07,1.9,1.17,0.19,3.97,0.15,0.36,2.55,4.36,7.6,2.66,0,27.4,0.4,0.44,20.51,21.52,0.5,0,1.55,0.03,0.86,26.1,4.97,7.96,0.1,21.39,42.05,6.54
FBS,Food Balances (2014-),27,BGR,Bulgaria,645,Food supply quantity (kg/capita/yr),2511,2015,kg,105.56,4.62,0.7,6.04,0.06,0,3.41,76.68,5.59,0.28,3.87,1.09,0.13,0.05,0.35,0,0,0.08,3.7,0.01,0.62,0.17,0.84,8.19,1.81,0,0,2.21,21.49,1.41,6.81,0,0.33,0.13,1.44,0.9,0.25,0.8,134.86,0.05,1.54,1,0.21,4.18,0.17,0.33,2.02,4.13,7.55,2.87,0,27.72,0.41,0.8,25.84,21.7,0.51,0,1.71,0.03,2.46,25.99,6.76,7.85,0.1,23.31,49.34,11.31
FBS,Food Balances (2014-),27,BGR,Bulgaria,645,Food supply quantity (kg/capita/yr),2511,2016,kg,105.23,2.09,0.62,4.28,0.1,0,4.39,78.75,2.17,0.06,3.93,1.15,0.13,0.05,0.14,0,0,0.08,3.87,0.01,0.65,0.22,1.02,8.3,1.85,0,0,2.15,23.04,1.48,4.54,0,0.4,0.13,1.65,0.91,0.26,0.8,141.87,0.08,1.67,0.95,0.23,4.4,0.79,0.33,1.93,4.7,8.57,2.89,0,28.22,0.42,0.94,20.71,22.17,0.51,0,1.71,0.02,2.6,25.88,6.79,8.48,0.11,27.37,60.99,11.69
FBS,Food Balances (2014-),27,BGR,Bulgaria,645,Food supply quantity (kg/capita/yr),2511,2017,kg,107.41,2.45,0.68,3.01,0.15,0,4.98,80.83,2.07,0.19,3.68,1.15,0.24,0.18,0.15,0,0,0.09,3.99,0.01,0.4,0.2,1,8.48,1.82,0,0,1.95,25.53,1.37,7.52,0.02,0.51,0.13,2.16,0.91,0.33,0.79,142.92,0.13,1.38,1.17,0.25,4.35,0.54,0.34,1.94,5.49,7.48,3,0,29.12,0.43,1.08,26.87,22.05,0.52,0,1.72,0.03,1.13,25.77,6.82,8.61,0.11,30.16,55.18,12.96
FBS,Food Balances (2014-),27,BGR,Bulgaria,645,Food supply quantity (kg/capita/yr),2511,2018,kg,97.49,3.37,0.43,5.53,0.15,0,5.79,82.63,2.28,0.05,3.49,1.06,0.24,0.13,0.15,0,0,0.1,3.89,0.01,0.4,0.24,1.01,8.36,1.99,0,0,1.96,26.29,1.62,6.25,0,2.14,0.14,2.08,0.91,0.34,0.75,141.65,0.13,1.5,1.37,0.27,3.95,0.15,0.29,2.05,8.12,8.85,3.02,0,31.79,0.44,1.26,27.08,22.67,0.52,0,1.73,0.02,0.32,25.67,10.75,8.76,0.11,30.41,58.07,13.61
FBS,Food Balances (2014-),98,HRV,Croatia,645,Food supply quantity (kg/capita/yr),2511,2014,kg,105.45,2.54,0.75,19.61,0.01,0,11.4,80.98,3.18,0.23,11.19,1.12,2.12,0.69,0.04,0,0,0.18,4.37,0,0.7,0.04,3.62,8.3,2.31,0,0,1.44,12.14,0.56,18.04,0,1.05,0.64,2.42,1.97,0.09,1.59,203.74,0.73,1.38,1.95,0.17,4.15,0.42,0.69,2.09,10.01,11.68,9.33,0.1,43.78,0.16,0.16,36.91,9.07,0.14,0,1.09,0.01,0.09,38.21,3.99,18,0.06,9.33,43.45,13.38
FBS,Food Balances (2014-),98,HRV,Croatia,645,Food supply quantity (kg/capita/yr),2511,2015,kg,112.17,2.49,1.04,19.87,0.04,0,11.72,81.91,3.29,0.24,11.46,1.55,2.11,0.81,0.04,0,0,0.18,4.42,0,0.76,0.05,4.08,8.42,2.32,0,0,1.42,14.65,0.55,22.09,0,1.18,0.64,2.79,1.99,0.09,1.46,218.27,0.67,1.39,1.91,0.22,3.86,0.42,0.7,4.92,10.15,13,7.68,0.1,46.13,0.16,0.04,38.95,9.28,0.14,0,0.58,0.01,0.09,34.96,4.03,16.61,0.06,13.83,52.93,13.5
FBS,Food Balances (2014-),98,HRV,Croatia,645,Food supply quantity (kg/capita/yr),2511,2016,kg,113.93,2.52,1.01,13.34,0.02,0,12.96,83.05,3.43,0,11.75,1.5,1.9,0.73,0.04,0,0,0.21,4.48,0,0.77,0.05,3.38,9.65,2.59,0,0,1.23,13.99,0.57,14.92,0,1.13,0.65,2.71,2.01,0.09,1.42,212.69,0.72,1.45,2.09,0.24,3.74,0.42,0.71,5.27,10.14,9.1,8.92,0.1,45.83,0.16,0.03,39.01,9.5,0.14,0,1.5,0.01,0.09,35.49,4.07,17.72,0.06,10.68,242.33,13.64
FBS,Food Balances (2014-),98,HRV,Croatia,645,Food supply quantity (kg/capita/yr),2511,2017,kg,103.87,2.54,1.02,9.7,0.01,0,13.77,84.22,3.57,0,12.27,1.59,2.94,0.7,0.12,0,0,0.35,4.95,0,0.87,0.07,4.19,9.42,3.08,0,0,1.29,14.35,0.5,14.28,0,1.16,2.11,3.07,2.03,0.08,1.59,219.19,0.55,1.45,1.44,0.07,3.71,0.42,0.74,5.3,8.88,10.56,8.82,0.1,49.1,0.17,0.11,35.51,10.78,0.14,0,0.41,0.01,0.21,34.56,4.11,24.72,0.06,13.79,232.95,13.78
FBS,Food Balances (2014-),98,HRV,Croatia,645,Food supply quantity (kg/capita/yr),2511,2018,kg,92.21,2.5,0.83,18.73,0.01,0,14.32,85.36,3.72,0,12.66,1.51,2.96,0.7,0.08,0,0,0.33,5.01,0,0.88,0.06,4.22,10.83,2.85,0,0,1.3,15.88,0.6,19.01,0,1.19,2.1,3.42,2.05,0.08,1.16,219.32,0.55,1.48,2.42,0.25,3.79,0.44,0.76,2.82,10.88,11.73,8.87,0.11,52.13,0.17,0.35,39.09,12.36,0.15,0,0.23,0.01,0.2,36.54,4.16,27.6,0.07,12.33,278.75,13.92
FBS,Food Balances (2014-),50,CYP,Cyprus,645,Food supply quantity (kg/capita/yr),2511,2014,kg,115.23,4.95,8.72,9.45,0.01,0,7.76,37.67,4.6,1.01,6.17,0.95,2.1,0.3,0.63,0,0.04,0.11,2.9,0,2.69,0.09,4.53,8.5,0.36,0,0,5.69,20.89,3.27,3.53,0.02,1.55,0.64,7.52,0.47,0.66,1.7,119.51,3.65,5.23,2.68,0.24,1.51,1.53,2.13,4.34,3.85,19.3,4.61,0.09,38.19,0.03,0.21,16.51,24.63,1.9,0,3.19,0.07,0.3,21.65,6.44,38.1,0.33,20.55,72.69,15.49
FBS,Food Balances (2014-),50,CYP,Cyprus,645,Food supply quantity (kg/capita/yr),2511,2015,kg,120.62,4.98,8.62,9.76,0.01,0,7.83,37.61,4.65,1.01,6,1.43,2.1,0.25,0.65,0,0.04,0.12,2.9,0,2.27,0.11,4.47,7.58,0.37,0,0,5.45,21.55,4.13,7.56,0.02,1.81,0.64,10.27,0.55,0.59,1.34,120.34,3.8,4.83,2.47,0.29,2.01,1.02,2.12,1.82,4.18,27.07,4.36,0.09,37.44,0.02,0.18,23,24.5,1.83,0,3.19,0.07,0.3,22.67,6.43,38.08,0.33,18.92,71.37,15.37
FBS,Food Balances (2014-),50,CYP,Cyprus,645,Food supply quantity (kg/capita/yr),2511,2016,kg,120.01,5,8.55,11.05,0.01,0,8.73,39.62,4.82,1.01,6.41,1.35,2.4,0.47,0.69,0,0.02,0.13,2.77,0,2.42,0.07,4.71,7.8,0.36,0,0,5.44,17.53,4.82,6.67,0.01,1.33,0.64,5.03,0.45,0.68,1.21,119.65,3.94,4.7,2.38,0.39,2,0.97,2.12,0.95,3.7,23.6,3.96,0.09,37.9,0.03,0.15,23.02,24.63,1.88,0,3.19,0.07,0.29,18.89,8.4,38.07,0.33,18.06,66.96,15.36
FBS,Food Balances (2014-),50,CYP,Cyprus,645,Food supply quantity (kg/capita/yr),2511,2017,kg,118.52,5.15,8.48,9.72,0.02,0,7.63,32.16,5.11,1.01,6.72,1.59,4.55,0.45,0.67,0,0.03,0.14,2.9,0,2.44,0.12,5.21,7.88,0.37,0,0,4.89,18.32,3.54,9.09,0.02,1.89,0.64,4.03,0.55,0.73,1.02,115.81,3.1,4.82,2.3,0.41,2.07,1.38,2.12,3.45,3,19.37,4,0.09,39.23,0.03,1.03,15.53,25.06,1.78,0,3.19,0.07,0.29,19.15,8.79,38.08,0.33,19.95,59.66,15.37
FBS,Food Balances (2014-),50,CYP,Cyprus,645,Food supply quantity (kg/capita/yr),2511,2018,kg,120.52,5.08,8.43,9.57,0.02,0,7.77,32.18,5.19,1.01,6.81,1.63,4.51,0.55,0.8,0,0.01,0.13,2.9,0,2.43,0.13,5.17,7.93,0.38,0,0,4.86,19.32,3.59,1.87,0.02,1.87,0.64,4.7,0.48,0.73,1.04,95.93,3.08,4.95,2.88,0.32,2.36,1.58,2.13,3.34,3.64,21.98,3.97,0.09,38.77,0.03,0.78,21.24,25.17,1.86,0,3.19,0.07,0.3,20.69,8.01,38.09,0.33,20.45,60.5,15.6
FBS,Food Balances (2014-),167,CZE,Czechia,645,Food supply quantity (kg/capita/yr),2511,2014,kg,101.93,6.97,0.37,11.28,0.01,0,8.11,141.23,5.95,0.93,8.26,3.37,0.03,0.54,0.19,0,0,0.18,2.27,4.3,0.35,0.08,1.92,8.57,5.74,0,0,2.75,11.16,1,4.34,0.13,0.61,0.84,2.67,0.01,0.78,3.81,132.79,0.09,0.31,0.78,2.14,2.85,0.1,0.45,0.72,9.29,10.05,2.86,0.08,41.34,0.45,0.14,71.61,20.48,0.63,0,1.12,0.43,0.17,33.13,2.3,22.35,0.23,10.39,53.86,9.37
FBS,Food Balances (2014-),167,CZE,Czechia,645,Food supply quantity (kg/capita/yr),2511,2015,kg,98.21,7.02,0.25,11.62,0,0,8.48,144.06,6.25,0.97,8.58,4.22,0.04,0.35,0.2,0,0,0.19,2.29,4.82,0.36,0.09,2.5,8.65,5.94,0,0,2.73,12.02,0.84,7.04,0.13,0.61,0.84,3.19,0.01,0.81,3.89,137.43,0.07,0.31,0.64,1.83,2.68,0.09,0.45,0.72,8.48,11.29,2.79,0.07,44.13,0.45,0.17,55.41,20.93,0.63,0,1.3,0.42,0.17,32.32,2.71,15.06,0.2,10.26,54.16,9.49
FBS,Food Balances (2014-),167,CZE,Czechia,645,Food supply quantity (kg/capita/yr),2511,2016,kg,92.08,6.82,1.01,11.79,0,0,11.13,145.42,6.4,1,9.52,3.95,0.03,1.87,0.2,0,0,0.19,2.16,5.2,0.36,0.11,2.32,8.86,6.15,0,0,2.51,12.63,0.86,2.29,0.13,0.64,0.84,2.91,0.01,0.74,4.16,142.51,0.1,0.32,0.77,1.97,2.6,0.08,0.45,0.72,10.54,11.19,2.87,0.08,43.55,0.4,0.16,70.35,21.19,0.6,0,1.74,0.42,0.17,32.57,2.86,13.25,0.16,11.6,57.38,9.56
FBS,Food Balances (2014-),167,CZE,Czechia,645,Food supply quantity (kg/capita/yr),2511,2017,kg,83.42,6.91,0.11,12.07,0.01,0,11.02,147.74,14.07,1.04,9.78,3.66,0.04,1.18,0.33,0,0,0.19,2.12,5.39,0.37,0.16,2.55,8.77,6.06,0,0,2.5,12.84,0.76,5.87,0.13,0.68,0.84,3.09,0.01,0.81,4.35,146.04,0.12,0.32,0.83,2.29,2.45,0.08,0.46,0.72,9.48,10.74,2.93,0.07,44.01,0.4,0.27,69.62,21.97,0.64,0,1.43,0.44,0.18,34.19,2.97,14.1,0.21,10.35,60.91,9.82
FBS,Food Balances (2014-),167,CZE,Czechia,645,Food supply quantity (kg/capita/yr),2511,2018,kg,84.36,6.62,0.37,12.36,0.01,0,11.59,149.28,15.46,1.06,10.14,3.79,0.04,0.92,0.37,0,0,0.2,2.24,4.74,0.37,0.14,2.54,8.8,6.11,0,0,2.49,12.93,1.08,7.38,0.13,0.72,0.84,3.3,0.01,0.81,4.39,147.52,0.12,0.32,0.81,2.06,2.57,0.08,0.46,0.73,9.04,10.79,2.92,0.08,46.55,0.4,0.22,64,22.29,0.64,0,1.36,0.45,0.18,30.57,3.31,12.91,0.22,11.15,56.48,9.9
FBS,Food Balances (2014-),54,DNK,Denmark,645,Food supply quantity (kg/capita/yr),2511,2014,kg,87.44,5.25,0.02,6.73,0.02,0,13.35,61.74,3.4,0.11,25.8,2.37,0.12,0.04,0.51,0.01,0,0.32,8.38,9.36,4.83,0.63,4.11,16,7.77,3.91,0,1.83,15.08,0.5,8.57,0,0.56,0.65,1.93,0.12,0,0.83,233.04,1.42,0.88,2.67,7,5.46,0.45,0.99,0.64,7.58,7.65,11.1,0.17,18.53,0.12,0.45,57.49,23.72,0.21,0,0,0.15,1.18,41.94,0,12.2,0.32,13.8,76.1,29.12
FBS,Food Balances (2014-),54,DNK,Denmark,645,Food supply quantity (kg/capita/yr),2511,2015,kg,87.8,3.93,0.01,4.69,0.1,0,13.15,62.93,3.44,0.13,25.91,2.39,0.04,0.04,1.14,0.01,0,0.32,7.52,9.2,4.85,0.61,5.31,16.13,7.06,3.4,0,1.52,16.21,0.47,8.74,0,0.61,0.65,1.99,0.11,0,0.83,245.48,1.58,0.88,2.35,5.89,5.54,0.35,0.99,0.67,7.56,7.52,11.65,0.17,20.73,0.12,0.52,57.79,18.36,0.21,0,0,0.15,1.17,41.98,0,12.21,0.32,13.56,72.3,29.67
FBS,Food Balances (2014-),54,DNK,Denmark,645,Food supply quantity (kg/capita/yr),2511,2016,kg,91.12,4.34,0.01,2.94,0.02,0,11.81,63.24,3.49,0.36,25.84,2.79,0.05,0.04,0.98,0.01,0,0.32,7.65,9.43,4.97,0.6,5.79,15.94,6.42,2.81,0,1.51,19.27,0.48,7.64,0,0.59,0.65,2.07,0.1,0.01,1.46,234.4,1.57,0.89,2.22,5.54,4.53,0.45,0.99,0.67,9.37,8.19,10.9,0.17,23.7,0.12,0.28,58.69,26.13,0.21,0,0,0.15,1.18,42.05,0,12.23,0.78,13.05,74.96,24.32
FBS,Food Balances (2014-),54,DNK,Denmark,645,Food supply quantity (kg/capita/yr),2511,2017,kg,91.1,4.58,0.01,5.62,0.04,0,11.95,64.85,3.54,0,23.5,2.59,0.06,0.04,0.73,0.01,0,0.32,7.08,11.65,6.63,0.57,6.35,15.8,6.04,2.45,0,2.17,19.7,0.48,6.59,0,0.91,0.65,2.21,0.13,0,1.3,228.38,1.45,0.9,2.19,5.13,5.69,0.48,1,0.67,10.03,8.76,10.01,0.17,25.8,0.12,0.09,59.89,25.36,0.21,0,0,0.15,1.19,42.37,0,12.25,0.75,12.95,78.39,25.48
FBS,Food Balances (2014-),54,DNK,Denmark,645,Food supply quantity (kg/capita/yr),2511,2018,kg,85.2,4.4,0.01,3.27,0.04,0,14.52,63.91,3.61,0.31,23.52,2.6,0.06,0.09,0.53,0.01,0,0.33,7.03,8.51,6.61,0.53,6.33,15.88,7.56,2.44,0,2.16,21.48,0.47,6.53,0,1.03,0.65,2.62,0.09,0,1.41,244.23,1.45,0.84,2.44,3.78,6.98,0.57,1,0.68,6.74,10.05,9.98,0.15,26.66,0.12,0.02,56.92,26.9,0.21,0,0,0.15,1.2,43.3,0,12.29,0.78,13.84,83.58,26.35
FBS,Food Balances (2014-),63,EST,Estonia,645,Food supply quantity (kg/capita/yr),2511,2014,kg,63.53,2.58,10.15,16.44,0.01,0,10.7,101.19,24.25,2.99,6.35,2.9,0.39,1.21,0.08,0.01,0,0.02,4.52,0.62,0.95,0.08,7.63,12.13,0.07,0,0.01,1.35,15.42,1.26,13.29,0,0.22,0.84,1.44,0.28,0,0.08,263.66,0.51,0.45,1.65,3.71,2.76,4,0.42,0.41,4.69,10.93,1.8,0.23,33.09,0.42,0,70.91,19.82,0.01,0,0.33,0.09,0.4,20.28,0.3,40.39,0.41,14.41,77.35,14.54
FBS,Food Balances (2014-),63,EST,Estonia,645,Food supply quantity (kg/capita/yr),2511,2015,kg,58.98,2.66,7.53,14.93,0,0,13.38,101.54,21.66,0,6.51,3.56,0.5,1.35,0.09,0.01,0,0.02,3.92,2.56,1.51,0.08,6.8,12.14,0.17,0,0.01,1.21,19.14,1.28,12.76,0,0.24,0.85,1.57,0.28,0,0.13,286.55,0.69,0.45,1.69,3.94,3.63,3.89,0.42,0.43,4.62,11.77,1.67,0.23,36.88,0.42,0,71.3,20.65,0.01,0,0.22,0.09,0.49,17.04,0.99,36.56,0.41,14.44,92.77,14.71
FBS,Food Balances (2014-),63,EST,Estonia,645,Food supply quantity (kg/capita/yr),2511,2016,kg,57.86,2.61,6.43,15.59,0,0,12.68,101.87,21.66,0,7.47,3.83,0.18,1.36,0.08,0.01,0,0.02,3.82,3.28,2.36,0.1,7.98,12.93,0.17,0,0.01,1.13,19.17,1.34,13.78,0,0.24,0.85,1.83,0.28,0,0.1,270.4,0.51,0.46,1.81,4.06,3.77,3.81,0.42,0.44,5.31,11.89,2.02,0.23,38.27,0.42,0,61.7,21.08,0,0,0.12,0.09,0.47,17.07,1.25,30.05,0.36,13.02,82,14.9
FBS,Food Balances (2014-),63,EST,Estonia,645,Food supply quantity (kg/capita/yr),2511,2017,kg,57.64,2.5,5.87,14.94,0.01,0,14.73,89.25,21.25,0,7.45,3.36,0.15,1.4,0.1,0.01,0,0.03,4.06,1.74,2.95,0.09,7.36,12.38,0.49,0,0,1.36,19.79,1.22,13.86,0,0.25,0.87,1.99,0.28,0,0.11,277.83,0.6,0.46,1.83,4.62,2.68,3.41,0.43,0.53,6.88,13.36,2.3,0.24,34.41,0.44,0.13,66.97,21,0.01,0,0.39,0.1,0.5,17.15,0.81,27.12,0.32,13.98,80.72,15.39
FBS,Food Balances (2014-),63,EST,Estonia,645,Food supply quantity (kg/capita/yr),2511,2018,kg,61.08,2.33,4.86,15.38,0.01,0,15.42,36.49,22.7,0,8.64,3.87,0.15,2.19,0.17,0.01,0,0.06,4.28,0.92,2.94,0.11,7.33,12.68,0.58,0,0,1.36,23.66,1.58,13.61,0,0.28,0.89,1.97,0.52,0,0.13,281.14,0.6,0.47,1.85,3.87,3.29,3.39,0.43,0.5,6.93,14.25,2.29,0.25,37.76,0.45,0,64.17,22.17,0.01,0,0.47,0.15,0.62,18.67,1.22,32.48,0.3,15.21,83.43,16.48
FBS,Food Balances (2014-),67,FIN,Finland,645,Food supply quantity (kg/capita/yr),2511,2014,kg,72.93,4.48,5.21,8.77,0,0,14.66,80.74,3.59,0.15,18.18,6.03,0.03,1.1,0.36,0,0,0.04,11.69,1.72,2.03,0.14,3.08,9.7,0.48,0,0.01,18.42,19.3,0.49,4.61,0,1.12,0.51,1.01,0,1.13,1.22,361.04,0.18,0.55,1.09,4.8,1.27,1.01,0.52,0.58,6.48,14.68,10.95,0.09,35.82,0.07,0.01,59.17,18.5,0.04,0,0,0.2,0.2,28.64,1.01,11.03,0.34,13.99,63.43,11.53
FBS,Food Balances (2014-),67,FIN,Finland,645,Food supply quantity (kg/capita/yr),2511,2015,kg,73.73,4.46,5.37,8.74,0.01,0,17.1,80.56,3.76,0.35,17.69,4.61,0.04,1.1,0.24,0,0,0.03,11.64,6.41,1.75,0.17,2.88,10.13,0.28,0,0.01,17.73,19.16,0.41,4.87,0,1.06,0.51,1.09,0,1.2,1.01,345.45,0.18,0.55,1.03,4.57,1.93,1.79,0.52,0.58,6.48,14.95,11.06,0.09,36,0.07,0.01,58.94,18.45,0.04,0,0,0.2,0.2,28.75,1.01,11.04,0.23,13.54,60.49,11.48
FBS,Food Balances (2014-),67,FIN,Finland,645,Food supply quantity (kg/capita/yr),2511,2016,kg,73.88,4.56,5.53,8.76,0.01,0,17.84,80.94,3.87,0.14,18.07,4.9,0.06,1.1,0.25,0,0,0.03,11.62,6.5,1.65,0.17,3.07,10.73,0.36,0,0.01,17,18.76,0.45,4.66,0,0.93,0.51,1.18,0,1.12,0.82,358,0.2,0.56,1.07,3.42,2.68,1.69,0.53,0.58,6.55,15.61,8.69,0.09,36.1,0.07,0.02,56.68,18.62,0.04,0,0,0.2,0.17,28.67,1.01,11.08,0.23,14.5,62.94,11.7
FBS,Food Balances (2014-),67,FIN,Finland,645,Food supply quantity (kg/capita/yr),2511,2017,kg,74.71,4.59,5.35,8.87,0,0,18.08,80.75,3.56,0.49,18.79,5.17,0.05,1.09,0.54,0,0,0.02,11.71,6.36,1.62,0.21,3.13,10.74,0.29,0,0.01,17.69,18.84,0.48,4.83,0,1.03,0.51,1.25,0,1.23,1.01,353.28,0.2,0.56,1.01,3.42,2.27,0.98,0.53,0.58,6.8,14.08,9.7,0.09,36.17,0.07,0.02,57.07,18.85,0.04,0,0,0.2,0.2,28.75,0.93,11.14,0.26,13.66,61.77,12.05
FBS,Food Balances (2014-),67,FIN,Finland,645,Food supply quantity (kg/capita/yr),2511,2018,kg,70.88,4.62,5.4,8.8,0,0,17.7,73.29,3,0.58,19.26,5.49,0.05,1.08,0.26,0,0,0.03,11.77,6.12,1.62,0.2,3.13,10.77,0.19,0,0.01,17.65,19.63,0.44,4.76,0,1.11,0.51,1.29,0,1.22,1.2,349.47,0.2,0.57,1.02,4,2.46,0.7,0.53,0.58,6.62,15.11,9.68,0.1,37.69,0.07,0.02,56.57,19.4,0.04,0,0,0.2,0.2,29.64,0.93,11.13,0.24,14.17,62.94,12.45
FBS,Food Balances (2014-),68,FRA,France,645,Food supply quantity (kg/capita/yr),2511,2014,kg,115.78,7.06,0.36,9,0.06,0,3.93,26.06,2.21,7.62,21.42,6.43,0.5,0.15,0.11,0,0,0.12,5.22,3.87,3.58,0.2,11.54,12.61,1.32,0.29,0.01,3.91,24.7,1.19,11.54,0.14,1.13,0.54,1.81,0.92,0.21,1.44,175.93,5.77,3.21,3.42,0.58,5.99,1.55,1.73,1.23,5.26,25.15,7.45,0.07,31.48,0.05,0.25,49.67,23.21,0.86,0,3.89,0.16,0.17,34.63,5.63,2.08,0.26,19.47,70.04,39.78
FBS,Food Balances (2014-),68,FRA,France,645,Food supply quantity (kg/capita/yr),2511,2015,kg,120.9,7.41,0.35,9.01,0.09,0,3.98,26.61,2.22,7.64,21.32,6.42,0.51,0.15,0.09,0,0,0.13,5.68,3.35,3.54,0.23,11.67,12.87,1.13,0.26,0.01,3.87,24.74,1.09,10.86,0.19,1.13,0.54,1.9,0.5,0.16,1.29,175.51,5.58,3.21,3.62,0.66,6.08,1.35,1.73,1.51,6.08,24.02,7.21,0.07,31.52,0.05,0.28,49.61,23.22,0.86,0,3.9,0.16,0.17,36.04,5.73,2.06,0.26,19.61,67.52,39.68
FBS,Food Balances (2014-),68,FRA,France,645,Food supply quantity (kg/capita/yr),2511,2016,kg,121.86,7.47,0.36,9.04,0.03,0,4.18,26.67,2.23,7.68,21.11,7.06,0.6,0.15,0.09,0,0,0.16,5.63,4.53,3.68,0.24,12.04,11.19,1.36,0.28,0,3.81,33.16,1.14,12.3,0.15,1.12,0.54,2.28,0.56,0.14,1.62,176.06,5.43,3.01,3.72,0.68,6.07,1.59,1.73,1.18,6.41,26.72,6.92,0.08,30.77,0.05,0.25,49.52,23.26,0.73,0,3.9,0.16,0.17,36.11,5.51,2.06,0.26,22.43,71.83,39.59
FBS,Food Balances (2014-),68,FRA,France,645,Food supply quantity (kg/capita/yr),2511,2017,kg,119.5,7.57,0.37,9.08,0.02,0,5.77,26.82,2.25,7.75,20.56,7.18,0.89,0.17,0.08,0,0,0.16,5.11,4.78,3.68,0.28,12.46,12.09,1.49,0.29,0.02,3.85,32.87,1.1,12.87,0.13,1.14,0.54,2.35,0.62,0.12,1.37,182.83,5.22,2.76,3.81,0.79,5.71,0.26,1.73,1.24,6.42,26.71,7.17,0.08,31.09,0.05,0.3,49.33,22.2,0.91,0,3.9,0.16,0.17,36.26,5.65,1.98,0.25,22.22,73.18,39.48
FBS,Food Balances (2014-),68,FRA,France,645,Food supply quantity (kg/capita/yr),2511,2018,kg,116.22,7.26,0.36,10.21,0.02,0,6.56,26.93,2.26,7.8,20.69,7.09,0.89,0.19,0.07,0,0,0.16,5.23,5.23,3.67,0.34,12.43,11.72,1.19,0.29,0.02,3.84,28.57,1.05,6.67,0.14,1.15,0.54,2.18,0.64,0.12,1.11,185,5.21,2.74,4.01,0.77,5.73,0.22,1.73,1.17,6.39,24.11,7.15,0.08,31.45,0.05,0.37,49.18,22.99,0.86,0,3.91,0.16,0.18,40.31,5.99,1.77,0.26,21.46,71.2,39.38
FBS,Food Balances (2014-),79,DEU,Germany,645,Food supply quantity (kg/capita/yr),2511,2014,kg,85.63,4.8,0.21,18.55,0.01,0,11.89,98.52,9.1,0.04,13.53,5.21,0.24,0.13,0.36,0.01,0,0.19,6.62,6.82,0.9,0.12,4.17,12.27,0.1,0,0,4.75,17.41,0.81,7.99,0.05,1.34,1.03,1.53,0.15,0.39,2.6,156.14,0.49,0.81,3.33,1.52,1.07,0.62,0.75,0.81,7.31,8.85,2.19,0.2,49.87,0.18,0,63.38,17.7,0.27,0,4.29,0.95,0.41,36.35,3.09,11.6,0.57,13.53,69.15,24.67
FBS,Food Balances (2014-),79,DEU,Germany,645,Food supply quantity (kg/capita/yr),2511,2015,kg,86.65,4.89,0.26,18.44,0.01,0,11.82,98.65,7.58,0.07,14.17,5.58,0.24,0.11,0.36,0.01,0,0.18,6.87,7.14,0.83,0.15,4.12,12.6,0.09,0,0,4.55,17.23,0.79,13.48,0.02,1.39,1.03,1.67,0.15,0.4,2.28,157.78,0.45,0.81,3.47,1.3,1.15,0.59,0.75,0.82,6.48,9.28,2.38,0.2,51.75,0.18,0.01,66.31,17.73,0.3,0,3.54,0.89,0.41,36.66,3.32,11.6,0.36,13.89,67.99,24.89
FBS,Food Balances (2014-),79,DEU,Germany,645,Food supply quantity (kg/capita/yr),2511,2016,kg,88.73,4.9,0.31,18.47,0.02,0,11.94,98.79,7.97,0,14.6,5.53,0.25,0.12,0.36,0.01,0,0.18,6.95,6.96,0.81,0.15,4.12,13.04,0.08,0,0,4.74,17.15,0.77,13.44,0.01,1.43,1.03,1.83,0.13,0.39,2.43,164.82,0.67,0.81,3.47,1.06,1.11,0.59,0.75,0.83,7.43,9.53,2.78,0.18,46.04,0.19,0.02,65.15,17.94,0.29,0,4.82,0.43,0.41,36.58,3.31,9.9,0.37,13.9,70.48,20.46
FBS,Food Balances (2014-),79,DEU,Germany,645,Food supply quantity (kg/capita/yr),2511,2017,kg,87.72,4.71,0.25,16.02,0.02,0,12.35,98.94,7.62,0.03,14.91,5.47,0.26,0.12,0.36,0.01,0,0.18,6.21,6.61,0.88,0.18,3.95,12.77,0.08,0,0,4.42,17.39,0.68,10.09,0.01,1.35,1.03,2.01,0.15,0.36,2.06,172.7,0.38,0.82,3.59,1.22,1.08,0.56,0.75,0.83,7.39,9,2.49,0.2,44.66,0.19,0.02,65.98,18.05,0.31,0,4.98,0.52,0.41,36.53,3.67,8.96,0.37,14.05,73.22,20.8
FBS,Food Balances (2014-),79,DEU,Germany,645,Food supply quantity (kg/capita/yr),2511,2018,kg,86.28,4.7,0.29,19.01,0.02,0,11.57,95.31,8.76,0.13,14.79,6.12,0.26,0.28,0.37,0.01,0,0.19,6.04,6.71,0.88,0.19,3.93,13.21,0.06,0,0,4.39,17.87,0.63,14.08,0.02,1.39,1.03,2.05,0.15,0.36,1.79,171.04,0.38,0.82,3.64,1.2,1.69,0.79,0.75,0.82,6.17,9.67,2.47,0.19,43.2,0.19,0.06,58.73,18.15,0.32,0,5.09,0.97,0.42,36.61,4.02,6.52,0.37,13.99,69.63,20.24
FBS,Food Balances (2014-),84,GRC,Greece,645,Food supply quantity (kg/capita/yr),2511,2014,kg,128.85,4.88,0.3,5.14,0,0,9.27,36.12,2.37,0.11,14.99,0.89,2.69,1.08,0.03,0.01,0,0.09,4.24,2.1,1.13,0.06,5.62,10.85,0.14,0,0,2.36,26.62,0.7,35.38,0.34,0.51,1.57,6.33,2.9,0.96,2.44,240.31,0.65,11.82,11.03,0.22,4.06,3.82,14.77,16.84,14.84,25.15,4.35,0.09,28.16,0.11,0.03,75.97,15.3,2.26,0,1.03,0.05,0.24,27.39,4.65,0.38,0.39,62.44,84.23,18.27
FBS,Food Balances (2014-),84,GRC,Greece,645,Food supply quantity (kg/capita/yr),2511,2015,kg,128.6,7.22,0.22,5.09,0.01,0,9.95,36.12,2.45,0.11,14.11,1.03,2.45,1.08,0.03,0.01,0,0.07,4.24,1.24,1.09,0.05,5.85,10.37,0.37,0,0,2.02,33.15,0.72,28.19,0.34,0.61,1.57,6.5,2.9,0.9,2.25,233.84,1.47,7.97,10.91,0.27,3.57,3.82,14.27,16.84,14.45,29.46,4.16,0.09,28.19,0.11,0.06,65.46,15.13,2.26,0,1.03,0.05,0.24,27.29,4.65,0.31,0.39,64.21,90.36,18.28
FBS,Food Balances (2014-),84,GRC,Greece,645,Food supply quantity (kg/capita/yr),2511,2016,kg,128.68,5.79,0.3,5.1,0.01,0,11,36.14,2.45,0.11,14.51,1.03,3.1,1.08,0.02,0.01,0,0.07,4.19,2.16,1.25,0.07,6.48,8.86,0.28,0,0,2.2,32.82,0.7,22.43,0.34,0.62,1.57,4.62,2.37,0.97,2.14,227.81,1.95,7.87,11.39,0.33,3.56,3.82,14.78,16.85,12.34,17.82,4.58,0.09,28.23,0.11,0,54.87,15.1,2.26,0,1.03,0.05,0.24,27.29,4.65,0.31,0.39,62.32,88.58,18.3
FBS,Food Balances (2014-),84,GRC,Greece,645,Food supply quantity (kg/capita/yr),2511,2017,kg,130.16,4.09,0.2,5.13,0.01,0,12.02,36.37,2.48,0.11,15.45,1.04,3.64,1.08,0.04,0.01,0,0.07,3.8,2.71,1.64,0.08,6.74,9.28,0.47,0,0,1.97,39.25,0.77,19.2,0.34,0.59,1.6,7.28,2.31,0.49,2.19,227.77,0.6,7.08,12.31,0.43,3.28,3.83,14.8,16.91,11.72,27.82,4.35,0.09,28.61,0.11,0.06,57.78,15.31,2.29,0,1.04,0.05,0.25,27.23,4.66,4.79,1.06,54.75,88.45,17.89
FBS,Food Balances (2014-),84,GRC,Greece,645,Food supply quantity (kg/capita/yr),2511,2018,kg,126.74,4.79,0.16,5.16,0.01,0,13.97,33.64,2.52,0.4,15.68,0.88,3.66,1.75,0,0.01,0,0.09,3.94,1.65,1.65,0.09,6.77,9.61,0.83,0,0,1.98,41.38,0.7,23.99,0.34,0.59,1.63,6.73,1.9,0.5,1.79,238.4,0.6,6.64,13.56,0.47,2.99,3.83,14.67,16.97,11.32,23.95,4.37,0.09,29.09,0.11,0.33,55.44,20.01,2.26,0,1.04,0.05,0.31,27.21,4.67,3.92,1.49,55.42,88.15,18.02
FBS,Food Balances (2014-),97,HUN,Hungary,645,Food supply quantity (kg/capita/yr),2511,2014,kg,108.38,3.31,0.14,30.4,0.02,0,3.49,66.47,6.55,0.28,4.21,0.92,0.02,0.89,0.25,0,0,0.15,1.28,6.92,0.1,0.05,1.04,12.72,3.59,0,0,3.09,23.49,0.29,4.61,0,0.26,0.4,1.02,0.27,0.2,0.45,154.2,0.08,0.14,0.22,0.57,0.4,0.33,0.23,0.16,6.53,4.45,1.03,0.1,40.25,1.79,0.46,46.34,25.4,0.41,0,0.6,0.02,0.64,19.29,4.59,20.8,0.09,16.89,67.32,23.86
FBS,Food Balances (2014-),97,HUN,Hungary,645,Food supply quantity (kg/capita/yr),2511,2015,kg,107.22,5.08,0.13,27.47,0.01,0,3.9,66.68,6.66,0.38,3.8,1.03,0.03,0.85,0.27,0,0,0.15,1.01,7.2,0.09,0.07,1.25,13.5,3.61,0,0,2.94,19.96,0.28,3.64,0,0.27,0.99,1.22,0.4,0.24,0.29,163.52,0.11,0.14,0.25,0.69,0.06,0.12,0.23,0.16,6.97,3.99,1.22,0.1,45.26,1.8,0.76,47.46,24.88,0.51,0,0.88,0.02,0.65,19.23,6.49,21.32,0.1,20.13,66.71,25.96
FBS,Food Balances (2014-),97,HUN,Hungary,645,Food supply quantity (kg/capita/yr),2511,2016,kg,107.51,5.5,0.21,25.48,0.01,0,3.34,66.59,6.74,1.16,4.04,1.12,0.03,0.81,0.29,0,0,0.15,1.08,7.33,0.12,0.08,1.19,13.79,3.71,0,0,2.68,18.93,0.33,4.16,0,0.31,0.4,1.3,0.25,0.21,0.4,166.75,0.13,0.13,0.26,0.75,0.08,0.55,0.24,0.16,7.31,3.56,1.37,0.1,48.15,1.82,1.61,47.58,24.99,0.39,0,0.92,0.02,0.65,19.17,6.51,21.33,0.1,16.9,66.88,26.32
FBS,Food Balances (2014-),97,HUN,Hungary,645,Food supply quantity (kg/capita/yr),2511,2017,kg,107.1,6.53,0.12,25.61,0.01,0,3.47,67.72,6.68,2.26,4.19,1.09,0.05,0.85,0.25,0,0,0.15,1.39,8.09,0.16,0.13,1.28,13.91,3.91,0,0,3.1,16.75,0.28,6.07,0,0.3,0.4,1.13,0.22,0.18,0.3,168.58,0.13,0.14,0.25,0.77,0.07,0.33,0.24,0.16,6.68,3.75,1.41,0.1,49.82,1.84,1.61,44.57,25.29,0.31,0,0.67,0.02,0.67,19.1,6.78,21.11,0.19,13.23,67.56,27.37
FBS,Food Balances (2014-),97,HUN,Hungary,645,Food supply quantity (kg/capita/yr),2511,2018,kg,109.53,6.59,0.14,26.87,0.01,0,3.64,68.98,6.8,2.64,4.48,1.07,0.05,0.82,0.24,0,0,0.15,1.63,8.07,0.16,0.09,1.28,13.79,1.7,0,0,3.11,18.09,0.38,7.4,0,0.36,0.4,1.5,0.07,0.18,0.32,168.59,0.13,0.15,0.27,0.7,0.08,0.59,0.24,0.16,6.4,3.48,1.41,0.11,53.53,1.87,1.4,39.49,25.46,0.32,0,0.57,0.02,1,19.04,6.61,21.42,0.16,18.99,68.33,25.86
FBS,Food Balances (2014-),104,IRL,Ireland,645,Food supply quantity (kg/capita/yr),2511,2014,kg,98.73,3.18,0.09,7.77,0,0,9.86,138.32,8.8,1,19.09,3.02,0.09,0.43,2.36,0,0,0.16,1.96,5.73,1.49,0.07,8.98,9.18,4.65,0,0.03,1.93,15.79,0.72,3.71,0.01,1.12,0.62,1.74,0.16,0.04,0.74,214.66,1.48,3.31,1.48,4.18,1.55,2.77,1.23,0.84,8.69,17.18,7.82,0.16,30.57,0.02,0.46,78.2,24.81,0.01,0,2.91,0.74,0.4,35.31,2.95,54.96,1.63,10.31,68.49,17.23
FBS,Food Balances (2014-),104,IRL,Ireland,645,Food supply quantity (kg/capita/yr),2511,2015,kg,112.39,3.53,0.4,7.76,0.01,0,11.14,117.34,3.62,0,20.27,3.02,0.09,0.44,2.73,0,0,0.17,1.74,5.05,1.04,0.07,7.81,8.76,4.69,0,0.06,3.12,17.01,0.89,3.76,0.01,1.17,0.61,1.89,0.16,0.05,1.34,248.1,0.46,3.38,1.52,3.77,1.85,2.82,1.26,0.72,9.09,17.76,8.6,0.17,29.87,0.05,0.91,72.22,26.83,0.05,0,2.97,0.79,0.42,32.65,2.6,48.33,1.67,10.42,71.38,20.75
FBS,Food Balances (2014-),104,IRL,Ireland,645,Food supply quantity (kg/capita/yr),2511,2016,kg,106.61,3.7,0.1,7.23,0.02,0,11.26,119.88,3.1,0,20.1,3.6,0.14,4.35,2.81,0,0,0.18,1.81,4.88,0.6,0.1,8.21,8.81,4.32,0,0.03,3.12,16.7,0.73,3.71,0.01,1.39,0.61,2.02,0.16,0.05,1.93,204.52,0.39,3.39,1.42,4.22,1.67,2.66,1.27,0.86,9.75,18.54,8.71,0.18,27.08,0.05,1.08,69.96,27.41,0.02,0,2.98,0.55,0.42,38.47,2.16,45.25,1.67,10.59,73.1,21.78
FBS,Food Balances (2014-),104,IRL,Ireland,645,Food supply quantity (kg/capita/yr),2511,2017,kg,103.88,4.08,0.14,5.63,0.01,0,12.15,126.3,4.27,0.57,20.28,4.02,0.13,1.31,2.88,0,0,0.16,1.92,5.46,0.55,0.11,7.35,9.39,4.09,0,0.04,3.69,19.18,0.69,4.18,0.01,1.24,0.6,2.18,0.17,0,0.36,318.54,0.71,3.41,1.64,3.81,1.7,2.65,1.25,0.94,9.42,18.14,11,0.18,28.85,0.05,0,69.36,23.95,0.14,0,3,0.63,0.47,34.46,3.02,43.6,1.71,10.92,68.24,23.16
FBS,Food Balances (2014-),104,IRL,Ireland,645,Food supply quantity (kg/capita/yr),2511,2018,kg,105.63,4.21,1.59,8.27,0.01,0,12.07,119.99,5.14,0.44,20.39,4.28,0.12,0.46,2.98,0,0,0.19,1.97,4.54,0.54,0.08,7.25,8.02,4.24,0,0.04,3.64,19.77,0.72,4.05,0,1.34,0.6,2.2,1.05,0,0.25,358.16,0.7,3.42,1.46,2.49,1.76,2.82,0.95,0.97,8.45,20.53,10.85,0.18,29.42,0.05,0,68.68,24.48,0.13,0,3.01,0.72,0.67,34.26,3.05,48.39,1.72,10.84,67.43,23.74
FBS,Food Balances (2014-),106,ITA,Italy,645,Food supply quantity (kg/capita/yr),2511,2014,kg,147.4,6.43,0.39,14.5,0.01,0,10.6,28.49,0.83,0.01,19.28,2.15,3.05,1.45,0.02,0,0,0.08,5.41,3.35,2.07,0.1,7.17,11.93,0.23,0,0.01,3.37,39.24,0.59,13.3,0.63,0.45,0.28,6.15,1.14,1.16,2.97,191.85,6.55,0.97,6.47,0.16,1.97,2.16,10.11,3.45,6.86,32.61,4.81,0.04,36.7,0.02,0.08,35.56,18.47,2.19,0,4.36,0.04,0.04,31.02,4.23,1.42,0.12,33.34,87.81,30.92
FBS,Food Balances (2014-),106,ITA,Italy,645,Food supply quantity (kg/capita/yr),2511,2015,kg,148.11,8.9,0.47,11.65,0.01,0,10.7,28.47,0.83,0.01,17.02,2.07,3.25,1.86,0.01,0,0,0.1,5.42,3.29,2.09,0.14,7.32,11.38,0.24,0,0.01,3.7,38.59,0.61,13.27,0.63,0.49,0.28,6.79,1.14,1.14,2.06,188.42,7.24,0.89,6.78,0.19,2.25,2.14,10.12,1.83,6.19,41.33,4.67,0.04,36.78,0.02,0,35.74,18.52,2.17,0,4.24,0.04,0.05,30.75,4.24,1.45,0.11,43.64,84.07,30.89
FBS,Food Balances (2014-),106,ITA,Italy,645,Food supply quantity (kg/capita/yr),2511,2016,kg,147.31,9.02,0.4,14.63,0.02,0,11.01,28.45,0.84,0.02,16.89,1.97,3.29,1.82,0.03,0,0,0.1,5.44,3.09,2.23,0.12,7.59,11.65,0.24,0,0.01,3.66,40.8,0.6,12.68,0.63,0.57,0.28,7.68,1.14,1.26,2.03,179.69,6.65,0.94,7.58,0.21,2.22,1.91,10.14,3.45,7.46,31.21,5.05,0.04,36.03,0.02,0.18,35.03,18.63,2.19,0,4.93,0.04,0.05,31,4.25,1.17,0.1,40.75,83.88,30.87
FBS,Food Balances (2014-),106,ITA,Italy,645,Food supply quantity (kg/capita/yr),2511,2017,kg,146.22,9.47,0.32,11.02,0.02,0,11.39,28.41,0.84,0.02,15.83,1.95,4.08,2.06,0.01,0,0,0.1,5.45,2.95,2.25,0.15,7.76,11.64,0.25,0,0,3.44,40.98,0.63,12.61,0.63,0.57,0.28,7.84,1.14,1.44,1.72,177.58,5.36,0.87,7.79,0.22,2.16,1.5,9.84,3.02,6.4,34.34,5.41,0.04,40.24,0.04,0.2,34.81,18.86,2.18,0,5.03,0.04,0.04,31.19,4.26,0.92,0.1,37.04,85.24,30.83
FBS,Food Balances (2014-),106,ITA,Italy,645,Food supply quantity (kg/capita/yr),2511,2018,kg,145.56,8.39,0.31,14.77,0.02,0,11.47,28.38,0.85,0.02,16.6,1.83,4.08,1.95,0.06,0,0,0.1,5.54,3.09,2.25,0.14,7.77,11.74,0.18,0,0,3.44,39.01,0.61,13.64,0.64,0.49,0.29,7.06,1.11,1.44,1.7,191.76,5.36,0.87,8.05,0.22,2.55,2.16,9.06,3.45,5.75,32.03,5.42,0.04,43.63,0.04,0.33,35.22,18.89,2.18,0,5.07,0.04,0.14,31.27,4.27,1.28,0.1,34.33,84.95,30.8
FBS,Food Balances (2014-),119,LVA,Latvia,645,Food supply quantity (kg/capita/yr),2511,2014,kg,67.29,2.45,20.91,3.9,0.03,0,6.31,81.3,1.99,1.47,4.64,2.52,0.11,8.82,0.69,0,0,0.05,3.26,18.41,0.89,0.11,4.38,13.02,0.92,0,0,2.25,18.51,1.26,2.25,0,0.64,0.71,1.72,0.02,6.4,0.27,148.78,0.37,0.36,1.49,4.06,4.38,3.95,0.53,1,11.16,8.57,8.47,0.04,35.03,0.01,0.27,116.46,20.63,0.03,0,1.87,0.11,0.31,28.58,2.22,27.88,0.48,10.4,104.82,3.1
FBS,Food Balances (2014-),119,LVA,Latvia,645,Food supply quantity (kg/capita/yr),2511,2015,kg,67.61,2.23,21.94,3.9,0.02,0,7.38,82.55,7.43,1.48,5.08,2.89,0.11,5.8,0.46,0,0,0.06,2.21,19.8,2.8,0.11,5.32,12.8,0.98,0,0,3.37,12.23,1.36,2.5,0,0.62,0.72,1.89,0.02,6.79,0.41,166.44,0.39,0.36,1.35,3.48,4.39,3.72,0.52,0.96,10.69,8.21,3.53,0.07,37.75,0,0.35,115.43,20.3,0.03,0,1.59,0.11,0.29,23.85,3.86,27.69,0.37,10.18,111.72,2.9
FBS,Food Balances (2014-),119,LVA,Latvia,645,Food supply quantity (kg/capita/yr),2511,2016,kg,69.66,2.38,22.72,3.02,0.01,0,9.06,81.19,7.48,1.49,5.23,2.87,0.08,6,0.43,0,0,0.06,3.07,17.15,3.48,0.13,5.24,11.21,1.21,0,0,1.78,14.2,1.28,2.26,0,0.64,0.73,1.97,0.02,8.94,0.47,165.67,0.44,0.37,1.4,1.85,4.43,3.3,0.78,1,10.71,7.86,5.52,0.01,39.27,0.01,0.6,115.35,20.33,0.22,0,0.33,0.11,0.27,19.28,4.24,28.7,0.39,10.62,111.63,3.7
FBS,Food Balances (2014-),119,LVA,Latvia,645,Food supply quantity (kg/capita/yr),2511,2017,kg,64.7,2.76,23.35,3.9,0.01,0,9.7,85.51,7.56,2.41,5.56,2.77,0.22,4.57,0.43,0,0,0.05,3.25,18.26,0.75,0.14,3.45,11.8,1.09,0,0,1.79,18.16,1.41,2.4,0,0.72,0.75,2.09,0.02,9.72,0.52,179.26,0.47,0.37,1.49,2.9,3.31,3.32,0.67,1,11.89,9.17,7.78,0,41.4,0.02,0.04,125.25,20.87,0.04,0,0.44,0.12,0.21,20.22,4.79,28.22,0.36,11.27,94.78,7.06
FBS,Food Balances (2014-),119,LVA,Latvia,645,Food supply quantity (kg/capita/yr),2511,2018,kg,62.37,2.86,19.29,3.76,0.01,0,10.45,87.19,7.64,4.42,5.73,2.92,0.23,5.53,0.44,0,0,0.05,2.92,21.06,0.76,0.13,3.49,12.94,1.06,0,0,1.81,15.55,1.41,1.94,0,0.63,0.76,2.05,0.02,9.84,0.5,166.44,0.47,0.38,1.53,1.92,3.96,3.29,0.61,1.01,13.38,8.96,7.87,0.05,43.63,0.02,0.03,112.73,21.03,0.07,0,0.43,0.12,0.37,25.24,5.43,28.09,0.28,11.61,89.47,3.7
FBS,Food Balances (2014-),126,LTU,Lithuania,645,Food supply quantity (kg/capita/yr),2511,2014,kg,112.12,3.75,12.07,4.5,0.04,0,7.93,111.54,14.42,0,3.98,3.05,0.34,0.92,0.05,0,0,0.07,3.93,5.94,0.86,0.14,2.07,14,1.39,0,0,2.59,12.21,2.33,0.95,0,0.94,0.7,1.78,0.01,0.01,0.74,101.01,0.21,0.23,0.83,3.6,2.74,3.3,0.3,0.54,9.13,9.46,26.73,0.1,46.89,0.05,1.25,81.3,26.13,1.78,0,0.48,0.07,0.88,33.24,4.02,58.16,0.36,17.79,72.49,13.36
FBS,Food Balances (2014-),126,LTU,Lithuania,645,Food supply quantity (kg/capita/yr),2511,2015,kg,116.58,2.93,12.36,2.54,0.04,0,8.86,114.51,11.57,1.76,3.91,3.3,0.35,0.93,0.07,0,0,0.07,3.95,6.17,1.43,0.13,1.18,13.07,0.9,0,0,1.8,9.06,1.69,1.32,0,0.96,0.71,1.64,0.01,0.01,0.71,102.93,0.19,0.2,0.99,3.39,3.29,3.33,0.31,0.54,7.79,9.61,22.59,0.11,48.38,0.05,1.66,68.08,26.63,4.86,0,2.04,0.07,0.98,31.15,4.04,59.1,0.36,14.61,57.53,13.36
FBS,Food Balances (2014-),126,LTU,Lithuania,645,Food supply quantity (kg/capita/yr),2511,2016,kg,117.19,3.05,13.06,4.66,0.04,0,10.97,101.33,8.29,1.18,4.44,3.14,0.31,1.01,0.02,0,0,0.07,4.19,5.59,1.1,0.22,1.05,15.69,1.13,0,0,1.52,20.09,1.68,1.18,0,1,0.72,1.99,0.01,0,0.36,104.2,0.21,0.19,1.14,2.22,2.41,3.38,0.31,0.55,8.26,10.62,24.9,0.11,46.36,0.05,1.21,62.64,27.27,4.79,0,2.05,0.07,1,31.62,4.06,59.99,0.35,18.2,76.77,13.88
FBS,Food Balances (2014-),126,LTU,Lithuania,645,Food supply quantity (kg/capita/yr),2511,2017,kg,119.25,3.12,14.38,0.87,0.04,0,12.75,96.13,9.12,1.93,4.89,4.15,0.29,0.8,0.02,0,0,0.08,4.28,3.83,1.64,0.24,0.94,14.9,1.63,0,0,1.6,15.31,1.92,2.25,0,0.98,0.74,2.3,0.01,0,0.48,112.25,0.34,0.19,1.18,0.61,2.69,3.41,0.31,0.55,8.18,9.5,26.76,0.11,47.5,0.05,0.58,63.92,28.2,6.32,0,2.07,0.07,1,31.17,4.1,60.67,0.36,16.15,71.09,13.9
FBS,Food Balances (2014-),126,LTU,Lithuania,645,Food supply quantity (kg/capita/yr),2511,2018,kg,119.98,3.09,14.37,5.58,0.04,0,12.26,95.63,8.54,2.03,5.36,4.47,0.29,1.08,0.13,0,0,0.08,4.66,3.31,1.67,0.23,0.96,18.15,1.33,0,0,1.62,16.13,1.77,1.95,0,0.91,0.75,2.18,0.01,0,0.53,113.36,0.35,0.38,1.46,0.06,3.34,3.43,0.31,0.56,6.84,10.96,27.18,0.12,48.39,0.06,0.27,60.62,29.04,2.37,0,2.09,0.07,0.97,32,4.13,52.97,0.35,18.02,79.19,12.79
FBS,Food Balances (2014-),256,LUX,Luxembourg,645,Food supply quantity (kg/capita/yr),2511,2014,kg,104.05,4.37,2.87,15.13,0.12,0,7.61,75.74,12.54,0.41,25.94,1.74,1.06,4.53,0.43,0,0,0.16,25.46,1.34,5.14,0.07,8.46,14.61,2.31,0,0,8.13,25.91,0.79,1.44,0.8,2.02,0.49,1.95,0.52,2.74,1.85,94.61,4.78,1.86,0.59,1.15,2.46,3.37,2.46,1.42,5.25,23.88,4.71,0.11,34.53,0.04,0.15,38.14,18.34,0.42,1,0.56,0.09,1.07,14.67,1.97,148.35,0.57,18.02,71.23,52.49
FBS,Food Balances (2014-),256,LUX,Luxembourg,645,Food supply quantity (kg/capita/yr),2511,2015,kg,105.44,4.33,2.02,15.09,0.11,0,7.29,66.99,12.61,0.41,24.79,2.09,0.98,2.35,0.35,0,0,0.1,25.18,4.8,4.83,0.07,8.92,14.37,2.27,0,0,8.44,26.07,0.77,1.95,0.42,1.69,0.49,2.19,0.52,2.58,1.77,107.45,5.26,1.87,0.67,1.55,3.14,3.37,2.47,1.53,5.27,24.2,4.14,0.1,34.2,0.04,0.79,37.26,19.14,0.53,1,0.45,0.08,1.02,14.23,1.97,148.53,0.57,17.24,68.92,52.78
FBS,Food Balances (2014-),256,LUX,Luxembourg,645,Food supply quantity (kg/capita/yr),2511,2016,kg,106.8,4.57,1.34,13.97,0.12,0,8.34,72.36,12.7,0.41,25.87,2.35,0.86,1.1,0.43,0,0,0.15,24.87,5.83,4.95,0.1,9.52,15.5,2.26,0,0,8.61,34.08,0.77,3.32,0.37,1.01,0.49,2.36,0.52,1.42,1.71,103.3,4.79,1.57,0.59,1.57,2.56,3.38,2.47,1.22,5.44,23.57,4.37,0.09,34.55,0.04,1.11,42.75,18.99,0.53,1,0.57,0.1,1.02,11.93,1.97,149.3,0.58,17.44,75.77,53.19
FBS,Food Balances (2014-),256,LUX,Luxembourg,645,Food supply quantity (kg/capita/yr),2511,2017,kg,105.09,4.62,2.53,12.62,0.1,0,8.65,80.57,12.63,0.85,24.63,2.11,1.04,1.46,0.38,0,0,0.11,24.79,10.47,4.92,0.12,8.63,15.43,2.24,0,0,8.18,34.23,0.65,3.33,0.41,0.65,0.49,2.48,0.52,1.13,1.77,109.51,3.64,1.34,0.61,1.69,1.94,3.38,2.47,1.98,4.85,21.88,4.59,0.09,33.97,0.04,1.06,41.72,18.37,0.53,0,0.38,0.1,1.03,11.22,1.97,148.76,0.57,16.34,74.45,54.27
FBS,Food Balances (2014-),256,LUX,Luxembourg,645,Food supply quantity (kg/capita/yr),2511,2018,kg,105.06,4.53,1.73,14.3,0.1,0,9.01,81.63,13.02,0.83,25.16,2.44,1.02,1.52,0.4,0,0,0.14,25.05,13.56,4.82,0.14,8.46,16.53,2.21,0,0,8.02,32.46,0.58,1.9,0.37,0.84,0.5,2.62,0.52,1.11,1.82,99.27,3.57,1.31,0.49,1.62,2.06,3.39,2.48,2.05,4.96,22.42,4.5,0.1,34.41,0.04,1.34,32.14,18.96,0.61,1,0.52,0.1,1.04,11.17,1.98,151.28,0.59,16.77,70.98,55.07
FBS,Food Balances (2014-),134,MLT,Malta,645,Food supply quantity (kg/capita/yr),2511,2014,kg,123.81,4.63,0.01,10.75,0.02,0,11.04,39.92,4.93,1.01,22.3,0.96,1.86,0.6,0.29,0,0,0.2,2.49,0.23,1.9,0.34,2.69,11.7,3.72,0,0,4.07,15,0.43,3.08,0,1.44,0.26,1.86,0.16,1.29,5.37,104.55,3.88,1.4,3.46,1.73,1.6,4.13,1.42,2.58,15.32,17.36,17.32,0.13,34.5,0.05,0.04,44.89,25.34,2.18,0,2.36,0.12,0.35,50.7,1.5,33.25,2.49,40.24,149.63,19.17
FBS,Food Balances (2014-),134,MLT,Malta,645,Food supply quantity (kg/capita/yr),2511,2015,kg,129.16,4.75,0,10.66,0.01,0,13.68,41.04,3.96,1.07,17.01,0.87,1.58,0.55,0.29,0,0,0.2,2.38,0.57,1.76,0.41,3.71,10.9,3.67,0,0,4.92,21.59,0.51,3.44,0,1.37,0.27,2.17,0.16,1.83,5.36,96.32,2.83,1.41,2.34,1.58,1.45,3.89,1.42,2.57,16.27,19.57,15.88,0.13,28.39,0.04,0.02,42.38,25.41,2.15,0,2.37,0.12,0.36,50.92,1.51,38.99,2.59,39.86,152.5,20.62
FBS,Food Balances (2014-),134,MLT,Malta,645,Food supply quantity (kg/capita/yr),2511,2016,kg,124.31,4.7,0,10.88,0.03,0,18.33,42.07,4.39,1.12,17.2,1,2.25,0.59,0.26,0,0,0.22,2.43,0.36,5.03,0.69,3.88,10.88,3.65,0,0,5.02,21.04,0.6,2.93,0,1.63,0.28,2.32,0.17,1.28,5.42,105.58,3.01,1.46,2.1,0.51,1.51,3.92,1.43,2.58,16.25,20.2,12.72,0.14,26.78,0.03,0.02,34.99,25.85,2.09,0,2.39,0.12,0.37,50.86,1.52,32.34,2.26,40.11,148.42,18.35
FBS,Food Balances (2014-),134,MLT,Malta,645,Food supply quantity (kg/capita/yr),2511,2017,kg,129.21,4.78,0,10.92,0.02,0,20.66,43.3,4.31,1.19,18.76,1.29,2.49,0.61,0.5,0,0,0.21,2.52,0.34,1.36,0.54,4.26,12.39,3.67,0,0,4.76,21.7,0.58,2.87,0,1.69,0.29,2.46,0.17,1.61,5.62,106.88,3.84,1.44,2.2,1.01,1.28,4.96,1.44,2.57,16.64,20.13,14.35,0.14,28.11,0.05,0.03,36.23,27.17,1.98,0,2.4,0.12,0.39,42.43,1.53,45.44,1.22,38.7,147.91,20.49
FBS,Food Balances (2014-),134,MLT,Malta,645,Food supply quantity (kg/capita/yr),2511,2018,kg,135.35,4.75,0,9.93,0.02,0,19.26,45.15,5.36,1.29,18.46,1.06,2.49,0.67,0.73,0,0,0.21,2.65,0.42,1.36,0.46,4.25,12.01,3.72,0,0,4.75,21.4,0.5,2.88,0.01,1.51,0.3,2.47,0.22,1.61,5.65,109.9,3.83,1.4,2.03,1.87,1.3,3.98,1.45,2.58,17.05,20.43,14.32,0.15,25.79,0.06,0.05,28.89,26.57,2.02,0,2.42,0.12,0.53,39.11,1.54,47.14,1,37.12,145.16,17.57
FBS,Food Balances (2014-),150,NLD,Netherlands,645,Food supply quantity (kg/capita/yr),2511,2014,kg,70.08,3.27,0.71,27.69,0.17,0,7.38,67.27,3.14,0.31,16.31,2.88,0.07,5.1,0.84,0.04,0,0.5,3.4,0.06,2.95,0.03,6.96,18.85,3.08,0,0,2.41,19.1,2.77,7.68,2.01,2.17,0.57,2.37,0.15,0.01,3.83,225.42,3.72,0.99,2.7,1.28,0.78,5.53,0.83,0.45,0,19.85,4.95,0.23,29.99,0.3,0.9,91.22,19.79,0.27,0,4.46,0,0.86,42.09,0.3,1.13,0.91,10.08,47.03,20.98
FBS,Food Balances (2014-),150,NLD,Netherlands,645,Food supply quantity (kg/capita/yr),2511,2015,kg,68.21,3.9,0.87,27.87,0.07,0,12.25,67.61,2.23,0.32,16.02,3.19,0.14,5.77,0.78,0.03,0.23,0.54,3.23,0.1,2.8,0.09,8.76,20.67,4.33,0.01,0,2.16,21.72,2.7,6.41,2.04,0.14,0.57,2.9,0.15,0,3.52,253.89,1.81,0.99,3.14,0.98,0.56,5.54,0.83,0.45,4.82,18.22,2.74,0.21,27.78,0.3,2.74,90.73,22.1,0.45,0,4.78,0.1,0.86,42.26,0.3,2.71,0.79,9.27,49.43,21.4
FBS,Food Balances (2014-),150,NLD,Netherlands,645,Food supply quantity (kg/capita/yr),2511,2016,kg,66.96,4.04,1.85,28.05,0,0,13.56,67.95,2.2,0.35,16.04,4.24,0.14,5.76,0.8,0.01,0.25,0.5,1.92,0.08,3.25,0.11,7.98,22.43,4.18,0,0,2.07,19.64,2.68,5.18,2.04,0.31,0.57,2.53,0.15,0,3.25,354.07,1.25,1,2.74,1.25,0.73,3.2,0.83,0.35,2.35,19.33,3.4,0.19,27.84,0.3,2.44,90.38,21.34,0.45,0,4.92,0.76,0.84,40.9,0.3,3.09,0.77,11.02,52.95,20.31
FBS,Food Balances (2014-),150,NLD,Netherlands,645,Food supply quantity (kg/capita/yr),2511,2017,kg,68.22,4.32,5.78,28.32,0.01,0,11.39,68.44,2.61,0.33,15.84,3.89,0.22,6.81,0.7,0.01,0.22,0.25,2.54,0.04,3.05,0.13,6.29,19.91,3.42,0.01,0,0.99,15.3,3.72,8.73,2.05,1.74,0.57,1.37,0.15,0,1.24,269.02,1.51,1.01,3,2.27,0.84,4.28,0.84,0.35,3.34,15.58,6.94,0.18,30.35,0.3,2.68,89.69,16.05,0.45,0,4.49,1.01,0.72,41.97,0.3,3.16,0.63,8.57,52.27,21.16
FBS,Food Balances (2014-),150,NLD,Netherlands,645,Food supply quantity (kg/capita/yr),2511,2018,kg,68.42,4.57,1.78,28.48,0.01,0,13.61,68.75,2.53,0.64,16.8,4.86,0.22,6.77,0.44,0,0.03,0.27,3.9,1.06,3.04,0.28,6.27,17.6,3.58,0.01,0,0.98,17.94,4.59,4.7,2.06,0.7,0.57,2.7,1.41,0,2.29,266.14,1.5,1.02,2.58,1.99,0.77,5.79,0.84,0.35,0,11.26,6.93,0.31,35.96,0.18,2.46,70.06,13.11,0.45,0,4.5,1.58,0.79,33.93,0.3,1.9,0.65,9.48,48.56,20.25
FBS,Food Balances (2014-),173,POL,Poland,645,Food supply quantity (kg/capita/yr),2511,2014,kg,110.25,1.15,6.4,11.37,0,0,2.37,99.62,4.53,8.26,0.27,3.86,0.01,2.22,0.06,0,0,0.2,1.33,5.88,0.12,0.04,4.31,7.9,0.67,0,0.01,2.33,20.64,1.05,2.75,0,0.59,0.12,2.11,0.02,0,0.1,167.32,0.07,0.03,0.89,1.61,0.4,0.35,0.26,0.3,14.33,8.47,4.24,0.13,50.93,0.12,0.15,103.01,27.54,0.07,0,0.91,0.06,0.09,43.9,1.69,0.76,0.44,22.03,84.38,2.89
FBS,Food Balances (2014-),173,POL,Poland,645,Food supply quantity (kg/capita/yr),2511,2015,kg,103.48,1.36,6.19,18.93,0,0,2.35,100.71,4.62,8.42,0.39,3.72,0.01,1.78,0.06,0,0,0.21,1.18,6.48,0.12,0.06,4.07,7.21,0.81,0,0.01,1.76,19.84,1.22,2.86,0,0.59,0.12,2.46,0,0,0.09,167.41,0.12,0.03,0.92,1.71,0.35,0.35,0.23,0.31,11.44,8.9,4.06,0.11,54.25,0.11,1.35,99.5,30.65,0.07,0,0.91,0.07,0.1,40.08,1.7,0.67,0.4,21.92,71.93,2.99
FBS,Food Balances (2014-),173,POL,Poland,645,Food supply quantity (kg/capita/yr),2511,2016,kg,99.76,1.67,6.65,13.35,0,0,2.11,102.01,4.69,8.54,0.45,3.62,0.01,2.77,0.06,0,0,0.2,1.97,7.19,0.12,0.07,4.44,7.35,0.92,0,0.01,1.65,22.61,1.29,2.91,0,0.63,0.12,2.48,0,0,0.09,167.17,0.12,0.03,0.96,1.65,0.33,0.35,0.2,0.33,13.69,9.25,6.15,0.12,54.19,0.11,1.46,102.04,33.79,0.05,0,0.92,0.08,0.11,44.52,1.71,0.9,0.42,23.69,84.22,3.09
FBS,Food Balances (2014-),173,POL,Poland,645,Food supply quantity (kg/capita/yr),2511,2017,kg,108.7,1.61,6.86,11.64,0,0,3.06,99.85,4.8,8.75,0.19,3.35,0.03,2.77,0.06,0,0,0.21,2.3,6.92,0.17,0.09,4.34,6.54,1.12,0,0.01,1.5,19.62,1.19,3.35,0,0.76,0.12,2.97,0,0,0.1,165.35,0.13,0.03,0.86,1.9,0.3,0.36,0.19,0.32,13.41,8.98,6.24,0.12,54.81,0.12,0.79,102.15,33.53,0.08,0,0.92,0.08,0.13,44.98,1.87,0.9,0.46,24.6,88.51,3.27
FBS,Food Balances (2014-),173,POL,Poland,645,Food supply quantity (kg/capita/yr),2511,2018,kg,106.64,1.77,6.29,20.24,0,0,2.96,101.54,4.92,8.97,0.27,3.33,0.03,2.51,0.12,0,0,0.21,2.3,7.48,0.18,0.09,4.34,9.26,0.98,0,0.01,1.51,28.91,1.32,3.19,0,0.84,0.12,3.03,0,0,0.11,169.75,0.13,0.03,1.25,1.92,0.34,0.53,0.21,0.3,10.66,9.95,6.25,0.14,57.61,0.13,0.59,99.46,30.46,0.15,0,0.92,0.08,0.22,45.11,1.72,1.07,0.45,25.91,81.97,3.53
FBS,Food Balances (2014-),174,PRT,Portugal,645,Food supply quantity (kg/capita/yr),2511,2014,kg,91.09,21.22,2.77,23.57,0,0,12.38,47.58,9.28,0.43,16.97,2.28,1.95,0.36,0.46,0,0,0.22,5.03,1.77,2.56,0.04,31.36,8.59,3.48,0.03,0.03,4.12,26,0.02,1.12,0.06,0.21,0.76,2.12,0.72,1.57,1.39,126.52,5.37,2.05,2.84,1.38,3.85,0.13,6.23,1.31,15.93,35.06,6.24,0.03,40.15,0.06,0.33,65.03,30.08,1.36,0,3.82,0.02,0.11,23.33,4.36,12.75,0.14,46.31,80.87,40.76
FBS,Food Balances (2014-),174,PRT,Portugal,645,Food supply quantity (kg/capita/yr),2511,2015,kg,88.07,22.87,3.18,23.97,0,0,14.09,47.9,9.19,0.44,16.96,2.14,2.03,0.36,0.47,0,0,0.2,5.12,2.08,2.2,0.04,31.53,9.96,4.18,0.04,0.05,3.75,22.73,0.01,1.14,0.06,0.26,0.78,1.76,0.72,1.63,1.36,129.56,4.72,2.25,3.12,1.24,4.55,0.14,6.34,1.32,16.01,32.39,6.79,0.03,39.84,0.06,0.05,64.61,29.86,1.37,0,3.84,0.02,0.11,24.05,4.38,13.14,0.15,81.59,70.82,40.67
FBS,Food Balances (2014-),174,PRT,Portugal,645,Food supply quantity (kg/capita/yr),2511,2016,kg,86.5,20.78,3.24,24.12,0,0,15.77,48.17,9.14,0.44,17.26,2.11,3.46,0.36,0.48,0,0,0.2,5.2,1.45,2.93,0.04,33.43,9.05,3.96,0.04,0.06,3.58,29.2,0.01,1.14,0.07,0.34,0.79,1.71,0.73,2.4,1.57,133.6,3.89,2.32,3.37,1.68,4.36,0.12,5.97,1.32,16.57,39.25,7.67,0.03,38.25,0.06,0.09,64.31,30.22,1.32,0,3.65,0.02,0.11,24.14,4.4,15.34,0.14,63.65,77.48,40.59
FBS,Food Balances (2014-),174,PRT,Portugal,645,Food supply quantity (kg/capita/yr),2511,2017,kg,88.77,19.36,3.74,23.86,0.01,0,16.39,48.35,9.05,0.44,17.77,2.33,4.7,0.37,0.41,0,0,0.23,5.25,2,3.62,0.05,31.34,9.77,3.74,0.04,0.04,3.36,36.23,0.02,1.14,0.07,0.37,0.8,2.44,0.73,2.13,1.41,131.6,3.97,2.35,4.97,1.42,4.12,0.13,6.13,1.33,16.85,42.92,7.72,0.03,38.88,0.06,0.01,64.13,30.58,1.32,0,2.94,0.02,0.26,24.18,4.41,11.06,0.34,64.95,74.66,40.54
FBS,Food Balances (2014-),174,PRT,Portugal,645,Food supply quantity (kg/capita/yr),2511,2018,kg,90.67,18.84,3.78,24.94,0.01,0,16.77,49.77,8.64,0.46,18.6,2.44,4.72,0.36,0.4,0,0,0.23,5.68,2.18,3.63,0.09,31.44,10.58,3.83,0.04,0.04,3.37,36.25,0.03,1.43,0.07,0.29,0.86,2.31,0.74,2.13,1.26,140.01,3.98,2.42,4.37,1.89,4.56,0.13,6.43,2.38,17.95,44.3,7.74,0.04,40.76,0.07,0,62.23,31.64,1.28,0,3.24,0.02,0.37,24.23,4.5,12.55,0.33,30.16,71.67,42.55
FBS,Food Balances (2014-),183,ROU,Romania,645,Food supply quantity (kg/capita/yr),2511,2014,kg,127.66,4.72,1.37,23.96,0,0,3,87.92,1.51,0.14,6.71,0.85,0.05,1.05,0.17,0,0,0.05,2.37,2.94,0.08,0.05,0.69,14.6,4.86,0,0,2.04,31.65,1.65,10.76,0,0.38,0.6,1.93,0.1,0.31,0.84,215.42,0.23,3.65,0.92,0.19,3.84,2.62,0.27,1.24,20.75,6.78,3.21,0.08,31.27,2.44,1.76,102.58,18.26,0.08,0,0.7,0.01,0.28,24.35,9.87,2.05,0.12,43.05,128.7,22.69
FBS,Food Balances (2014-),183,ROU,Romania,645,Food supply quantity (kg/capita/yr),2511,2015,kg,129.07,4.44,1.38,24.49,0.01,0,3.92,88.58,1.54,0.14,7.2,1.03,0.05,0.99,0.11,0,0,0.06,2.48,0.17,0.11,0.06,0.63,14.34,4.92,0,0,1.86,30.78,0.48,10.76,0,0.47,0.8,2.43,0.05,0.38,0.76,231.85,0.33,3.73,1.37,0.17,3.8,2.64,0.24,1.26,20.27,6.96,3.72,0.08,33.93,2.44,3.42,100.2,20.4,0.09,0,0.7,0.01,0.26,24.77,9.95,2.33,0.12,43.94,126.58,21.42
FBS,Food Balances (2014-),183,ROU,Romania,645,Food supply quantity (kg/capita/yr),2511,2016,kg,126.84,4.77,0.71,25.14,0.01,0,4.93,89.72,1.57,0.14,6.55,1.14,0.07,1.13,0.08,0,0,0.06,2.61,0.28,0.14,0.07,0.72,14.15,5.14,0,0,2.09,33.24,0.41,9.79,0,0.44,0.77,2.6,0.05,0.3,0.5,234.14,0.4,3.83,1.48,0.22,3.76,2.67,0.24,1.23,18.98,7.81,3.72,0.08,35.74,2.44,3.77,97.51,21.6,0.09,0,0.71,0.01,0.26,25.29,10.06,3.12,0.13,41.69,119.59,18.15
FBS,Food Balances (2014-),183,ROU,Romania,645,Food supply quantity (kg/capita/yr),2511,2017,kg,126.33,4.45,0.62,24.39,0,0,6.41,90.95,1.62,0.44,5.31,1.15,0.09,0.88,0.05,0,0,0.06,2.81,0.31,0.19,0.05,0.9,13.6,5.24,0,0,2.2,32.54,0.48,13.54,0,0.49,0.85,2.95,0.04,0.31,0.37,232.01,0.5,3.97,2.27,0.2,3.5,2.7,0.23,1.22,20.13,6.95,3.95,0.08,35.29,2.44,3.62,98.74,22.93,0.09,0,0.81,0.01,0.16,25.73,10.18,3.12,0.13,43.86,129.86,18.01
FBS,Food Balances (2014-),183,ROU,Romania,645,Food supply quantity (kg/capita/yr),2511,2018,kg,128.48,4.88,1.35,23.9,0,0,7.66,92.12,1.65,0.57,5.19,1.18,0.09,0.97,0.04,0,0,0.07,2.97,0.25,0.19,0.05,0.91,12.77,5.34,0,0,2.22,38.24,0.44,14.37,0,0.53,0.87,3.01,0.19,0.31,0.39,236.24,0.5,3.95,2.5,0.26,3.27,2.41,0.27,1.22,21.93,7.32,3.98,0.08,35.99,2.44,3.07,97.7,19.31,0.09,0,0.82,0.01,0.16,25.43,10.25,2.69,0.12,48.56,137.5,12.26
FBS,Food Balances (2014-),199,SVK,Slovakia,645,Food supply quantity (kg/capita/yr),2511,2014,kg,109.43,2.41,1.9,9.44,0,0,5.76,71.54,5.89,1.89,5.16,2.54,0.01,0.96,0.15,0,0,0.12,3.12,2.07,0.05,0.16,3.34,11.54,3.2,0,0,1.93,6.84,1.07,4.86,0.04,1.32,0.86,2.43,0.52,0.35,1.56,147.78,0.03,0.13,1.59,1.84,1.2,0,0.28,0.4,7.16,9.62,2.74,0.1,29.15,0.29,2.44,50.19,13.58,0.45,1,1.4,0.06,0.29,22.66,3.21,29.94,0.12,9.87,46.34,6.1
FBS,Food Balances (2014-),199,SVK,Slovakia,645,Food supply quantity (kg/capita/yr),2511,2015,kg,94.65,2.47,1.66,9.34,0,0,7.97,72.33,5.93,1.9,5.2,2.95,0.01,0.93,0.15,0,0,0.15,3.02,2.68,0.05,0.07,3.73,10.66,3.09,0,0,2.07,6.51,1.04,8.99,0.04,1.51,0.86,2.8,0.52,0.43,1.71,142.51,0.04,0.15,1.14,1.75,2.25,0.2,0.29,0.4,5.29,10.15,3.12,0.1,28.78,0.19,1.56,50.34,11.85,0.47,1,1.4,0.06,0.31,21.28,3.32,35.72,0.15,10.13,44.55,6.07
FBS,Food Balances (2014-),199,SVK,Slovakia,645,Food supply quantity (kg/capita/yr),2511,2016,kg,88.82,2.51,1.56,9.61,0,0,7.72,72.79,5.97,0.36,5.36,3.39,0.01,1.03,0.14,0,0,0.16,3.33,2.92,0.05,0.12,3.55,11.86,3.01,0,0,2.21,6.91,1.06,6.46,0.04,1.12,0.86,2.8,0.53,0.38,1.21,172.65,0.07,0.13,1.95,1.72,2,0.61,0.29,0.39,8.55,10.3,2.85,0.09,36.02,0.15,1.53,50.52,13.92,0.4,1,1.41,0.06,0.32,28.36,2.79,52.88,0.15,9.63,50.47,6.05
FBS,Food Balances (2014-),199,SVK,Slovakia,645,Food supply quantity (kg/capita/yr),2511,2017,kg,77.3,2.45,1.68,8.49,0,0,8.85,73.17,6,0.13,5.83,3.4,0.01,1.08,0.21,0,0,0.15,3.27,3.52,0.07,0.11,3.88,13.06,3.55,0,0,2.49,7.96,0.85,8.09,0.04,1.17,0.86,2.92,0.53,0.53,1.92,166.55,0.05,0.14,1.54,1.99,3.26,0.7,0.29,0.4,4.61,8.33,2.66,0.1,36.45,0.15,1.73,68.8,13.93,0.51,1,1.41,0.06,0.33,21.85,3.06,64.6,0.18,9.62,48.76,6.04
FBS,Food Balances (2014-),199,SVK,Slovakia,645,Food supply quantity (kg/capita/yr),2511,2018,kg,93.45,2.38,1.81,7.23,0,0,8.63,73.69,6.04,0.2,5.82,3.06,0.01,1.1,0.17,0,0,0.15,3.39,3.78,0.07,0.1,3.88,12.67,3.28,0,0,2.49,8.04,1.04,10.42,0.05,1.03,0.86,2.73,0.53,0.53,1.61,166.99,0.05,0.11,1.5,2.06,1.25,1.1,0.29,0.4,5.96,12.3,2.66,0.07,35.67,0.18,1.71,50.79,14.15,0.41,1,1.42,0.06,0.33,24.23,3.25,58.24,0.2,9.09,48.97,6.12
FBS,Food Balances (2014-),198,SVN,Slovenia,645,Food supply quantity (kg/capita/yr),2511,2014,kg,100.31,3.84,2.59,33.81,0.05,0,12.89,77.85,2.02,0.76,17.07,1.86,1.66,2.03,0.17,0,0,0.15,4.5,11.5,0.47,0.05,2.46,9.05,1.47,0.01,0,2.39,15.18,0.36,38.18,0.05,0.75,1.05,0.43,0.57,0.51,0.28,136.4,0.8,0.86,1.92,0.43,3.66,0.12,0.9,0.49,8.05,9.24,2.83,0.08,29.48,0.75,0,48.51,24.09,0.07,0,2.78,0.65,0.29,18.9,3.41,26.31,0.13,7.75,62.72,9.66
FBS,Food Balances (2014-),198,SVN,Slovenia,645,Food supply quantity (kg/capita/yr),2511,2015,kg,102.18,3.42,2.43,33.14,0.05,0,12.6,76.89,2.03,0.77,17.92,2.09,1.44,1.33,0.18,0,0,0.17,4.54,11.4,0.47,0.11,2.64,8.63,1.45,0.01,0,2.52,18.41,0.37,35.84,0.05,0.84,1.18,0.98,0.57,0.6,0.25,136.84,0.92,0.86,1.74,0.48,3.92,0.11,0.91,0.49,8.07,8.87,2.62,0.08,27.68,0.76,0.02,45,23.76,0.07,0,2.57,0.64,0.29,21.76,3.42,26.42,0.13,8.65,70.64,9.77
FBS,Food Balances (2014-),198,SVN,Slovenia,645,Food supply quantity (kg/capita/yr),2511,2016,kg,105.01,3.32,2.43,28.44,0.08,0,13.35,78.23,2.05,0.77,17.99,2.24,1.42,0.89,0.16,0,0,0.17,4.59,11.43,0.54,0.14,2.61,9.7,1.64,0.01,0,2.36,20.4,0.5,28.74,0.04,0.95,1.16,2.38,0.7,0.77,0.25,136.07,1.05,0.87,1.79,0.63,3.66,0.11,0.91,0.49,9.48,10.84,2.61,0.08,29.98,0.76,0.41,44.67,23.87,0.06,0,3.07,0.51,0.27,17.81,3.43,26.57,0.11,8.36,74.3,9.83
FBS,Food Balances (2014-),198,SVN,Slovenia,645,Food supply quantity (kg/capita/yr),2511,2017,kg,102.07,3.4,2.27,32.7,0.01,0,11.89,72.71,2.08,1.02,17.37,2.29,1.5,1.74,0.44,0,0,0.17,4.67,10.74,0.56,0.24,2.62,9.85,1.78,0,0,2.29,14.84,0.5,27.93,0.05,0.83,1,2.64,1.02,0.62,0.34,140.28,1.08,0.86,1.95,0.73,3.23,0.22,0.91,0.49,8.27,8.52,3.29,0.09,30.59,0.71,0.48,45.93,23.98,0.06,0,3.02,0.03,0.27,23.36,3.45,26.82,0.13,10.01,72.13,9.92
FBS,Food Balances (2014-),198,SVN,Slovenia,645,Food supply quantity (kg/capita/yr),2511,2018,kg,100.28,3.37,2.29,33.17,0.01,0,13.71,56.68,2.11,0.79,14.41,2.38,1.5,2.8,0.34,0,0,0.16,4.75,10.32,0.56,0.14,2.62,9.61,0.08,0,0,2.29,17.78,0.34,50.12,0.05,0.86,0.64,3.36,1.52,0.62,0.42,138.58,1.08,0.89,2.32,0.67,2.93,0.22,0.92,0.49,7.48,8.31,3.28,0.09,29.78,0.73,0.22,40.38,24.06,0.06,0,2.14,0.4,0.24,24.1,3.46,20.29,0.13,9.16,72.65,10
FBS,Food Balances (2014-),203,ESP,Spain,645,Food supply quantity (kg/capita/yr),2511,2014,kg,98.93,11.55,0.13,10.33,0.03,0,5.13,74.42,2.13,0.68,11.15,0.88,2.86,0.09,0.66,0,0,0.08,3.7,2.01,3.65,0.22,14.19,14.11,1.93,0,0,4.04,19.17,0.6,4.95,0.01,1.27,0.7,5.72,0.58,1.38,1.73,144.84,9.06,2.37,5.88,0.51,4.46,1.81,10.88,0,19.58,30.05,8.88,0.05,50.81,0,0.35,58.78,28.91,3.18,0,1.57,0.05,0.1,30.74,11.42,1.81,0.1,58.12,51.24,20.96
FBS,Food Balances (2014-),203,ESP,Spain,645,Food supply quantity (kg/capita/yr),2511,2015,kg,97.89,11.93,0.47,9.71,0.03,0,6.36,74.95,2.14,0.68,11.2,1.02,2.66,0.1,0.63,0,0,0.08,3.83,1.77,3.47,0.19,13.58,13.79,2.1,0,0,3.85,26.04,0.02,0.9,0.01,1.41,0.71,3.4,0.71,1.38,1.62,151.3,8.68,2.34,5.35,0.56,4.45,1.82,10.86,0.73,16.94,13.62,9.97,0.05,53.11,0,0.04,56.88,29.36,3.11,0,3.05,0.05,0.1,30.73,11.25,1.82,0.1,54.42,54.15,21.05
FBS,Food Balances (2014-),203,ESP,Spain,645,Food supply quantity (kg/capita/yr),2511,2016,kg,97.54,12.21,0.7,10.83,0.02,0,6.94,75.44,2.15,0.68,11.56,1.05,2.37,0.11,0.84,0,0,0.17,3.96,1.27,3.42,0.19,13.29,14.69,2.02,0,0,3.53,24.37,0.05,4.64,0.01,1.33,0.65,5.72,0.45,1.24,1.54,160.25,8.16,2.16,7.14,0.54,3.8,1.84,10.82,2,20.44,40.29,10.43,0.02,52.39,0,0,58.24,29.94,3.15,1,3.26,0.05,0.14,31.57,11.47,1.27,0.1,60.2,56.41,21.14
FBS,Food Balances (2014-),203,ESP,Spain,645,Food supply quantity (kg/capita/yr),2511,2017,kg,96.7,11.72,0.61,8.68,0.02,0,6.74,75.84,2.15,0.68,11.52,1.2,1.69,0.11,0.64,0,0,0.19,4.06,1.45,3.49,0.22,12.97,14.51,1.1,0,0,2.88,28.45,0.39,11.9,0.01,1.44,0.74,3.36,0.84,0.81,1.56,157.85,9.18,2.07,7.65,0.43,2.65,1.86,11.01,1.98,18.83,34.89,11.44,0.02,53.57,0.04,0,57.98,30.34,3.59,0,3.24,0.05,0.13,31.89,12.18,0.34,0.11,57.72,61.17,21.16
FBS,Food Balances (2014-),203,ESP,Spain,645,Food supply quantity (kg/capita/yr),2511,2018,kg,98.92,12.91,0.67,9.29,0.02,0,7.19,76.12,2.16,0.69,12.27,1.26,1.68,0.1,0.88,0,0,0.19,4.14,1.93,3.49,0.23,12.96,14.27,0.81,0,0,2.88,24.16,0.22,1.15,0.01,1.41,0.74,6.73,0.68,0.81,1.63,156.82,9.17,2.08,8.59,0.5,2.86,1.87,11.23,2.98,18.56,39.93,11.43,0.04,52.34,0,0.36,55.99,30.48,3.6,0,3.21,0.05,0.12,32.12,12.12,0.36,0.11,47.97,58.24,24.09
FBS,Food Balances (2014-),210,SWE,Sweden,645,Food supply quantity (kg/capita/yr),2511,2014,kg,80.48,6.14,1.6,8.59,0,0,8.07,55.2,3.44,0.17,23.42,6.71,0.07,0.23,0.65,0.01,0,0.19,9.8,12.13,8.13,0.23,10.08,13.05,0.8,0,0,10.85,18.21,1.04,2.86,0.01,1.13,0.8,2.4,0.08,0.57,1.67,182.5,0.81,1.37,2.03,0.94,0.37,1.56,0.89,1.08,8.35,21.27,4.54,0.17,32.64,0.17,0.13,54.42,16.42,0.32,0,0.23,0.36,0.57,36.8,2.5,13,0.39,15.73,64.8,20.84
FBS,Food Balances (2014-),210,SWE,Sweden,645,Food supply quantity (kg/capita/yr),2511,2015,kg,79.61,6.11,1.66,8.78,0.01,0,7.87,55.42,3.59,0,24.56,7.32,0.07,0.22,0.61,0.01,0,0.19,9.87,13.16,7.3,0.25,10.03,13.04,0.88,0,0,10.37,18.56,0.94,2.91,0.01,1.08,0.81,2.69,0.06,0.54,1.68,179.87,0.72,1.39,2.04,1.29,0.36,1.56,0.89,1.21,8.85,21.15,4.26,0.17,31.96,0.17,0.31,52.78,16.49,0.33,0,0.06,0.32,0.58,34.19,2.51,13.05,0.37,15.96,64.91,21.6
FBS,Food Balances (2014-),210,SWE,Sweden,645,Food supply quantity (kg/capita/yr),2511,2016,kg,82.21,6.06,1.7,8.9,0.01,0,7.55,56.12,3.7,0,23.77,7.66,0.07,0.3,0.53,0.01,0,0.19,9.94,13.19,7.66,0.33,8.63,13.99,0.75,0,0,8.97,19.26,0.89,2.87,0.01,1.06,0.81,2.83,0.07,0.75,1.51,178.7,0.99,1.39,1.98,1.3,0.16,1.62,0.9,1.17,7.99,21.47,5.12,0.15,31.74,0.18,0.22,53.42,16.81,0.33,0,0,0.29,0.58,33.94,2.53,13.38,0.36,16.33,65.62,22.15
FBS,Food Balances (2014-),210,SWE,Sweden,645,Food supply quantity (kg/capita/yr),2511,2017,kg,88.91,6.06,1.8,7.55,0,0,7.39,55.73,3.76,0.12,23.51,6.95,0.08,0.25,0.63,0.01,0,0.19,9.9,11.55,7.55,0.33,9.3,13.94,0.86,0,0,8.9,20.25,0.69,2.85,0.01,1.1,0.81,2.97,0.07,0.72,1.45,173.52,0.86,1.4,1.85,0.96,0.16,1.59,0.9,1.13,8.27,18.68,5.41,0.13,31.09,0.18,0.23,53.22,16.59,0.33,0,0.03,0.24,0.58,33.1,2.53,14.17,0.38,15.53,62.28,22.43
FBS,Food Balances (2014-),210,SWE,Sweden,645,Food supply quantity (kg/capita/yr),2511,2018,kg,90.69,5.95,1.59,6.92,0,0,7.14,55.11,3.89,0.2,22.58,6.64,0.08,0.31,0.75,0.01,0,0.19,10.1,11.43,7.5,0.38,9.24,12.43,0.79,0,0,8.84,19.61,0.69,2.75,0.01,1.08,0.81,2.7,0.06,0.71,1.44,171.79,0.85,1.4,2.01,0.62,0.77,1.61,0.91,1.13,7.11,16.3,5.37,0.16,30.86,0.18,0.28,52.51,16.88,0.34,0,0.28,0.24,0.59,33.59,2.55,14.57,0.4,16.12,59.98,23.09
